Week,Date Range,Meal,Dish Name,Quantity (kg)
Aug2023_week1,01/08/2023-07/08/2023,Breakfast,Curd,46.0
Aug2023_week1,01/08/2023-07/08/2023,Breakfast,Chutney,46.0
Aug2023_week1,01/08/2023-07/08/2023,Breakfast,Aloo Paratha,37.0
Aug2023_week1,01/08/2023-07/08/2023,Lunch,Rice,146.0
Aug2023_week1,01/08/2023-07/08/2023,Lunch,Chana Masala,67.0
Aug2023_week1,01/08/2023-07/08/2023,Lunch,Mixed Veg,46.0
Aug2023_week1,01/08/2023-07/08/2023,Dinner,Chapati,86.0
Aug2023_week1,01/08/2023-07/08/2023,Dinner,Palak Paneer,79.0
Aug2023_week1,01/08/2023-07/08/2023,Dinner,Paneer Butter Masala,44.0
Aug2023_week2,08/08/2023-14/08/2023,Breakfast,Puri,33.0
Aug2023_week2,08/08/2023-14/08/2023,Breakfast,Medu Vada,27.0
Aug2023_week2,08/08/2023-14/08/2023,Breakfast,Jalebi,25.0
Aug2023_week2,08/08/2023-14/08/2023,Lunch,Rice,162.0
Aug2023_week2,08/08/2023-14/08/2023,Lunch,Mixed Veg,57.0
Aug2023_week2,08/08/2023-14/08/2023,Lunch,Paneer Bhurji,48.0
Aug2023_week2,08/08/2023-14/08/2023,Dinner,Matar Mushroom,84.0
Aug2023_week2,08/08/2023-14/08/2023,Dinner,Chapati,83.0
Aug2023_week2,08/08/2023-14/08/2023,Dinner,Shahi Paneer,78.0
Aug2023_week3,15/08/2023-21/08/2023,Breakfast,Upma,32.0
Aug2023_week3,15/08/2023-21/08/2023,Breakfast,Idli,30.0
Aug2023_week3,15/08/2023-21/08/2023,Breakfast,Puri,28.0
Aug2023_week3,15/08/2023-21/08/2023,Lunch,Rice,111.0
Aug2023_week3,15/08/2023-21/08/2023,Lunch,Chole,68.0
Aug2023_week3,15/08/2023-21/08/2023,Lunch,Dal Tadka,64.0
Aug2023_week3,15/08/2023-21/08/2023,Dinner,Chapati,88.0
Aug2023_week3,15/08/2023-21/08/2023,Dinner,Chole,50.0
Aug2023_week3,15/08/2023-21/08/2023,Dinner,Palak Paneer,49.0
Aug2023_week4,22/08/2023-28/08/2023,Breakfast,Medu Vada,45.0
Aug2023_week4,22/08/2023-28/08/2023,Breakfast,Pongal,39.0
Aug2023_week4,22/08/2023-28/08/2023,Breakfast,Sambar,31.0
Aug2023_week4,22/08/2023-28/08/2023,Lunch,Rice,154.0
Aug2023_week4,22/08/2023-28/08/2023,Lunch,Mixed Veg,67.0
Aug2023_week4,22/08/2023-28/08/2023,Lunch,Chana Masala,60.0
Aug2023_week4,22/08/2023-28/08/2023,Dinner,Roti,100.0
Aug2023_week4,22/08/2023-28/08/2023,Dinner,Chapati,64.0
Aug2023_week4,22/08/2023-28/08/2023,Dinner,Palak Paneer,63.0
Aug2023_week5,29/08/2023-31/08/2023,Breakfast,Curd,35.0
Aug2023_week5,29/08/2023-31/08/2023,Breakfast,Chutney,28.0
Aug2023_week5,29/08/2023-31/08/2023,Breakfast,Sambar,16.0
Aug2023_week5,29/08/2023-31/08/2023,Lunch,Dal Tadka,56.0
Aug2023_week5,29/08/2023-31/08/2023,Lunch,Rice,54.0
Aug2023_week5,29/08/2023-31/08/2023,Lunch,Paneer Bhurji,43.0
Aug2023_week5,29/08/2023-31/08/2023,Dinner,Chapati,47.0
Aug2023_week5,29/08/2023-31/08/2023,Dinner,Palak Paneer,31.0
Aug2023_week5,29/08/2023-31/08/2023,Dinner,Vegetable Curry,28.0
Sep2023_week1,01/09/2023-07/09/2023,Breakfast,Idli,38.0
Sep2023_week1,01/09/2023-07/09/2023,Breakfast,Pongal,32.0
Sep2023_week1,01/09/2023-07/09/2023,Breakfast,Sambar,31.0
Sep2023_week1,01/09/2023-07/09/2023,Lunch,Rice,162.0
Sep2023_week1,01/09/2023-07/09/2023,Lunch,Paneer Bhurji,88.0
Sep2023_week1,01/09/2023-07/09/2023,Lunch,Chana Masala,87.0
Sep2023_week1,01/09/2023-07/09/2023,Dinner,Chapati,107.0
Sep2023_week1,01/09/2023-07/09/2023,Dinner,Palak Paneer,107.0
Sep2023_week1,01/09/2023-07/09/2023,Dinner,Mixed Veg,58.0
Sep2023_week2,08/09/2023-14/09/2023,Breakfast,Dosa,37.0
Sep2023_week2,08/09/2023-14/09/2023,Breakfast,Idli,34.0
Sep2023_week2,08/09/2023-14/09/2023,Breakfast,Upma,24.0
Sep2023_week2,08/09/2023-14/09/2023,Lunch,Rice,150.0
Sep2023_week2,08/09/2023-14/09/2023,Lunch,Chole,59.0
Sep2023_week2,08/09/2023-14/09/2023,Lunch,Paneer Masala,47.0
Sep2023_week2,08/09/2023-14/09/2023,Dinner,Chapati,100.0
Sep2023_week2,08/09/2023-14/09/2023,Dinner,Palak Paneer,57.0
Sep2023_week2,08/09/2023-14/09/2023,Dinner,Paneer Butter Masala,57.0
Sep2023_week3,15/09/2023-21/09/2023,Breakfast,Aloo Paratha,65.0
Sep2023_week3,15/09/2023-21/09/2023,Breakfast,Chutney,62.0
Sep2023_week3,15/09/2023-21/09/2023,Breakfast,Curd,59.0
Sep2023_week3,15/09/2023-21/09/2023,Lunch,Rice,179.0
Sep2023_week3,15/09/2023-21/09/2023,Lunch,Dal,73.0
Sep2023_week3,15/09/2023-21/09/2023,Lunch,Paneer Curry,51.0
Sep2023_week3,15/09/2023-21/09/2023,Dinner,Chapati,91.0
Sep2023_week3,15/09/2023-21/09/2023,Dinner,Palak Paneer,77.0
Sep2023_week3,15/09/2023-21/09/2023,Dinner,Paneer Butter Masala,47.0
Sep2023_week4,22/09/2023-28/09/2023,Breakfast,Coconut Chutney,47.0
Sep2023_week4,22/09/2023-28/09/2023,Breakfast,Aloo Bhaji,27.0
Sep2023_week4,22/09/2023-28/09/2023,Breakfast,Idli,24.0
Sep2023_week4,22/09/2023-28/09/2023,Lunch,Rice,137.0
Sep2023_week4,22/09/2023-28/09/2023,Lunch,Mixed Veg,102.0
Sep2023_week4,22/09/2023-28/09/2023,Lunch,Chana Masala,80.0
Sep2023_week4,22/09/2023-28/09/2023,Dinner,Chapati,84.0
Sep2023_week4,22/09/2023-28/09/2023,Dinner,Palak Paneer,52.0
Sep2023_week4,22/09/2023-28/09/2023,Dinner,Chole,46.0
Sep2023_week5,29/09/2023-30/09/2023,Breakfast,Medu Vada,18.0
Sep2023_week5,29/09/2023-30/09/2023,Breakfast,Pongal,17.0
Sep2023_week5,29/09/2023-30/09/2023,Breakfast,Idli,15.0
Sep2023_week5,29/09/2023-30/09/2023,Lunch,Rice,35.0
Sep2023_week5,29/09/2023-30/09/2023,Lunch,Paneer Masala,31.0
Sep2023_week5,29/09/2023-30/09/2023,Lunch,Chole,29.0
Sep2023_week5,29/09/2023-30/09/2023,Dinner,Chapati,49.0
Sep2023_week5,29/09/2023-30/09/2023,Dinner,Shahi Paneer,27.0
Sep2023_week5,29/09/2023-30/09/2023,Dinner,Matar Mushroom,23.0
Oct2023_week1,01/10/2023-07/10/2023,Breakfast,Upma,41.0
Oct2023_week1,01/10/2023-07/10/2023,Breakfast,Dosa,39.0
Oct2023_week1,01/10/2023-07/10/2023,Breakfast,Idli,31.0
Oct2023_week1,01/10/2023-07/10/2023,Lunch,Rice,167.0
Oct2023_week1,01/10/2023-07/10/2023,Lunch,Dal Tadka,39.0
Oct2023_week1,01/10/2023-07/10/2023,Lunch,Paneer Bhurji,35.0
Oct2023_week1,01/10/2023-07/10/2023,Dinner,Chapati,119.0
Oct2023_week1,01/10/2023-07/10/2023,Dinner,Paneer Butter Masala,96.0
Oct2023_week1,01/10/2023-07/10/2023,Dinner,Palak Paneer,83.0
Oct2023_week2,08/10/2023-14/10/2023,Breakfast,Idli,40.0
Oct2023_week2,08/10/2023-14/10/2023,Breakfast,Curd,37.0
Oct2023_week2,08/10/2023-14/10/2023,Breakfast,Aloo Paratha,27.0
Oct2023_week2,08/10/2023-14/10/2023,Lunch,Rice,116.0
Oct2023_week2,08/10/2023-14/10/2023,Lunch,Chana Masala,39.0
Oct2023_week2,08/10/2023-14/10/2023,Lunch,Dal,36.0
Oct2023_week2,08/10/2023-14/10/2023,Dinner,Chapati,83.0
Oct2023_week2,08/10/2023-14/10/2023,Dinner,Matar Mushroom,66.0
Oct2023_week2,08/10/2023-14/10/2023,Dinner,Roti,62.0
Oct2023_week3,15/10/2023-21/10/2023,Breakfast,Medu Vada,41.0
Oct2023_week3,15/10/2023-21/10/2023,Breakfast,Pongal,37.0
Oct2023_week3,15/10/2023-21/10/2023,Breakfast,Sambar,36.0
Oct2023_week3,15/10/2023-21/10/2023,Lunch,Rice,187.0
Oct2023_week3,15/10/2023-21/10/2023,Lunch,Paneer Curry,43.0
Oct2023_week3,15/10/2023-21/10/2023,Lunch,Dal,42.0
Oct2023_week3,15/10/2023-21/10/2023,Dinner,Chapati,94.0
Oct2023_week3,15/10/2023-21/10/2023,Dinner,Palak Paneer,86.0
Oct2023_week3,15/10/2023-21/10/2023,Dinner,Mixed Veg,50.0
Oct2023_week4,22/10/2023-28/10/2023,Breakfast,Medu Vada,42.0
Oct2023_week4,22/10/2023-28/10/2023,Breakfast,Pongal,35.0
Oct2023_week4,22/10/2023-28/10/2023,Breakfast,Aloo Bhaji,30.0
Oct2023_week4,22/10/2023-28/10/2023,Lunch,Rice,163.0
Oct2023_week4,22/10/2023-28/10/2023,Lunch,Paneer Masala,91.0
Oct2023_week4,22/10/2023-28/10/2023,Lunch,Chole,84.0
Oct2023_week4,22/10/2023-28/10/2023,Dinner,Roti,95.0
Oct2023_week4,22/10/2023-28/10/2023,Dinner,Chole,79.0
Oct2023_week4,22/10/2023-28/10/2023,Dinner,Chapati,78.0
Oct2023_week5,29/10/2023-31/10/2023,Breakfast,Aloo Paratha,14.0
Oct2023_week5,29/10/2023-31/10/2023,Breakfast,Curd,14.0
Oct2023_week5,29/10/2023-31/10/2023,Breakfast,Chutney,12.0
Oct2023_week5,29/10/2023-31/10/2023,Lunch,Rice,60.0
Oct2023_week5,29/10/2023-31/10/2023,Lunch,Rajma,52.0
Oct2023_week5,29/10/2023-31/10/2023,Lunch,Aloo Gobi,52.0
Oct2023_week5,29/10/2023-31/10/2023,Dinner,Chapati,29.0
Oct2023_week5,29/10/2023-31/10/2023,Dinner,Vegetable Curry,26.0
Oct2023_week5,29/10/2023-31/10/2023,Dinner,Matar Mushroom,22.0
Nov2023_week1,01/11/2023-07/11/2023,Breakfast,Sambar,56.0
Nov2023_week1,01/11/2023-07/11/2023,Breakfast,Medu Vada,47.0
Nov2023_week1,01/11/2023-07/11/2023,Breakfast,Pongal,36.0
Nov2023_week1,01/11/2023-07/11/2023,Lunch,Rice,155.0
Nov2023_week1,01/11/2023-07/11/2023,Lunch,Chole,71.0
Nov2023_week1,01/11/2023-07/11/2023,Lunch,Paneer Masala,65.0
Nov2023_week1,01/11/2023-07/11/2023,Dinner,Roti,90.0
Nov2023_week1,01/11/2023-07/11/2023,Dinner,Chapati,69.0
Nov2023_week1,01/11/2023-07/11/2023,Dinner,Vegetable Curry,48.0
Nov2023_week2,08/11/2023-14/11/2023,Breakfast,Idli,49.0
Nov2023_week2,08/11/2023-14/11/2023,Breakfast,Dosa,36.0
Nov2023_week2,08/11/2023-14/11/2023,Breakfast,Upma,34.0
Nov2023_week2,08/11/2023-14/11/2023,Lunch,Rice,156.0
Nov2023_week2,08/11/2023-14/11/2023,Lunch,Rajma,78.0
Nov2023_week2,08/11/2023-14/11/2023,Lunch,Aloo Gobi,75.0
Nov2023_week2,08/11/2023-14/11/2023,Dinner,Kadhi,82.0
Nov2023_week2,08/11/2023-14/11/2023,Dinner,Roti,74.0
Nov2023_week2,08/11/2023-14/11/2023,Dinner,Chapati,57.0
Nov2023_week3,15/11/2023-21/11/2023,Breakfast,Jalebi,43.0
Nov2023_week3,15/11/2023-21/11/2023,Breakfast,Puri,39.0
Nov2023_week3,15/11/2023-21/11/2023,Breakfast,Aloo Bhaji,38.0
Nov2023_week3,15/11/2023-21/11/2023,Lunch,Rice,171.0
Nov2023_week3,15/11/2023-21/11/2023,Lunch,Chole,87.0
Nov2023_week3,15/11/2023-21/11/2023,Lunch,Dal,77.0
Nov2023_week3,15/11/2023-21/11/2023,Dinner,Chapati,119.0
Nov2023_week3,15/11/2023-21/11/2023,Dinner,Matar Mushroom,59.0
Nov2023_week3,15/11/2023-21/11/2023,Dinner,Palak Paneer,58.0
Nov2023_week4,22/11/2023-28/11/2023,Breakfast,Upma,46.0
Nov2023_week4,22/11/2023-28/11/2023,Breakfast,Idli,43.0
Nov2023_week4,22/11/2023-28/11/2023,Breakfast,Dosa,35.0
Nov2023_week4,22/11/2023-28/11/2023,Lunch,Rice,173.0
Nov2023_week4,22/11/2023-28/11/2023,Lunch,Mixed Veg,56.0
Nov2023_week4,22/11/2023-28/11/2023,Lunch,Dal Tadka,43.0
Nov2023_week4,22/11/2023-28/11/2023,Dinner,Chapati,97.0
Nov2023_week4,22/11/2023-28/11/2023,Dinner,Palak Paneer,84.0
Nov2023_week4,22/11/2023-28/11/2023,Dinner,Roti,50.0
Nov2023_week5,29/11/2023-30/11/2023,Breakfast,Jalebi,31.0
Nov2023_week5,29/11/2023-30/11/2023,Breakfast,Puri,22.0
Nov2023_week5,29/11/2023-30/11/2023,Breakfast,Aloo Bhaji,13.0
Nov2023_week5,29/11/2023-30/11/2023,Lunch,Aloo Gobi,33.0
Nov2023_week5,29/11/2023-30/11/2023,Lunch,Rice,31.0
Nov2023_week5,29/11/2023-30/11/2023,Lunch,Rajma,28.0
Nov2023_week5,29/11/2023-30/11/2023,Dinner,Roti,25.0
Nov2023_week5,29/11/2023-30/11/2023,Dinner,Bhindi Fry,25.0
Nov2023_week5,29/11/2023-30/11/2023,Dinner,Kadhi,23.0
Dec2023_week1,01/12/2023-07/12/2023,Breakfast,Aloo Paratha,35.0
Dec2023_week1,01/12/2023-07/12/2023,Breakfast,Sambhar,32.0
Dec2023_week1,01/12/2023-07/12/2023,Breakfast,Curd,30.0
Dec2023_week1,01/12/2023-07/12/2023,Lunch,Rice,146.0
Dec2023_week1,01/12/2023-07/12/2023,Lunch,Chana Masala,58.0
Dec2023_week1,01/12/2023-07/12/2023,Lunch,Mixed Veg,46.0
Dec2023_week1,01/12/2023-07/12/2023,Dinner,Chapati,77.0
Dec2023_week1,01/12/2023-07/12/2023,Dinner,Roti,68.0
Dec2023_week1,01/12/2023-07/12/2023,Dinner,Palak Paneer,42.0
Dec2023_week2,08/12/2023-14/12/2023,Breakfast,Pongal,54.0
Dec2023_week2,08/12/2023-14/12/2023,Breakfast,Medu Vada,52.0
Dec2023_week2,08/12/2023-14/12/2023,Breakfast,Sambar,44.0
Dec2023_week2,08/12/2023-14/12/2023,Lunch,Rice,167.0
Dec2023_week2,08/12/2023-14/12/2023,Lunch,Dal,75.0
Dec2023_week2,08/12/2023-14/12/2023,Lunch,Paneer Curry,63.0
Dec2023_week2,08/12/2023-14/12/2023,Dinner,Roti,78.0
Dec2023_week2,08/12/2023-14/12/2023,Dinner,Matar Mushroom,54.0
Dec2023_week2,08/12/2023-14/12/2023,Dinner,Bhindi Fry,51.0
Dec2023_week3,15/12/2023-21/12/2023,Breakfast,Puri,39.0
Dec2023_week3,15/12/2023-21/12/2023,Breakfast,Aloo Bhaji,39.0
Dec2023_week3,15/12/2023-21/12/2023,Breakfast,Dosa,37.0
Dec2023_week3,15/12/2023-21/12/2023,Lunch,Rice,146.0
Dec2023_week3,15/12/2023-21/12/2023,Lunch,Mixed Veg,108.0
Dec2023_week3,15/12/2023-21/12/2023,Lunch,Chana Masala,85.0
Dec2023_week3,15/12/2023-21/12/2023,Dinner,Chapati,104.0
Dec2023_week3,15/12/2023-21/12/2023,Dinner,Palak Paneer,60.0
Dec2023_week3,15/12/2023-21/12/2023,Dinner,Shahi Paneer,50.0
Dec2023_week4,22/12/2023-28/12/2023,Breakfast,Coconut Chutney,34.0
Dec2023_week4,22/12/2023-28/12/2023,Breakfast,Sambhar,33.0
Dec2023_week4,22/12/2023-28/12/2023,Breakfast,Idli,26.0
Dec2023_week4,22/12/2023-28/12/2023,Lunch,Rice,189.0
Dec2023_week4,22/12/2023-28/12/2023,Lunch,Rajma,63.0
Dec2023_week4,22/12/2023-28/12/2023,Lunch,Aloo Gobi,47.0
Dec2023_week4,22/12/2023-28/12/2023,Dinner,Chapati,79.0
Dec2023_week4,22/12/2023-28/12/2023,Dinner,Palak Paneer,61.0
Dec2023_week4,22/12/2023-28/12/2023,Dinner,Roti,52.0
Dec2023_week5,29/12/2023-31/12/2023,Breakfast,Puri,17.0
Dec2023_week5,29/12/2023-31/12/2023,Breakfast,Sambhar,14.0
Dec2023_week5,29/12/2023-31/12/2023,Breakfast,Coconut Chutney,14.0
Dec2023_week5,29/12/2023-31/12/2023,Lunch,Rice,46.0
Dec2023_week5,29/12/2023-31/12/2023,Lunch,Paneer Curry,33.0
Dec2023_week5,29/12/2023-31/12/2023,Lunch,Dal,29.0
Dec2023_week5,29/12/2023-31/12/2023,Dinner,Chapati,67.0
Dec2023_week5,29/12/2023-31/12/2023,Dinner,Shahi Paneer,47.0
Dec2023_week5,29/12/2023-31/12/2023,Dinner,Matar Mushroom,37.0
Jan2024_week1,01/01/2024-07/01/2024,Breakfast,Aloo Bhaji,36.0
Jan2024_week1,01/01/2024-07/01/2024,Breakfast,Jalebi,35.0
Jan2024_week1,01/01/2024-07/01/2024,Breakfast,Puri,34.0
Jan2024_week1,01/01/2024-07/01/2024,Lunch,Rice,127.0
Jan2024_week1,01/01/2024-07/01/2024,Lunch,Paneer Masala,66.0
Jan2024_week1,01/01/2024-07/01/2024,Lunch,Paneer Bhurji,56.0
Jan2024_week1,01/01/2024-07/01/2024,Dinner,Chapati,79.0
Jan2024_week1,01/01/2024-07/01/2024,Dinner,Palak Paneer,67.0
Jan2024_week1,01/01/2024-07/01/2024,Dinner,Roti,62.0
Jan2024_week2,08/01/2024-14/01/2024,Breakfast,Idli,80.0
Jan2024_week2,08/01/2024-14/01/2024,Breakfast,Sambhar,38.0
Jan2024_week2,08/01/2024-14/01/2024,Breakfast,Coconut Chutney,37.0
Jan2024_week2,08/01/2024-14/01/2024,Lunch,Rice,177.0
Jan2024_week2,08/01/2024-14/01/2024,Lunch,Chole,65.0
Jan2024_week2,08/01/2024-14/01/2024,Lunch,Paneer Masala,43.0
Jan2024_week2,08/01/2024-14/01/2024,Dinner,Chapati,152.0
Jan2024_week2,08/01/2024-14/01/2024,Dinner,Palak Paneer,63.0
Jan2024_week2,08/01/2024-14/01/2024,Dinner,Matar Mushroom,34.0
Jan2024_week3,15/01/2024-21/01/2024,Breakfast,Puri,34.0
Jan2024_week3,15/01/2024-21/01/2024,Breakfast,Curd,30.0
Jan2024_week3,15/01/2024-21/01/2024,Breakfast,Chutney,29.0
Jan2024_week3,15/01/2024-21/01/2024,Lunch,Rice,118.0
Jan2024_week3,15/01/2024-21/01/2024,Lunch,Chole,88.0
Jan2024_week3,15/01/2024-21/01/2024,Lunch,Mixed Veg,57.0
Jan2024_week3,15/01/2024-21/01/2024,Dinner,Chapati,94.0
Jan2024_week3,15/01/2024-21/01/2024,Dinner,Palak Paneer,94.0
Jan2024_week3,15/01/2024-21/01/2024,Dinner,Mixed Veg,53.0
Jan2024_week4,22/01/2024-28/01/2024,Breakfast,Aloo Paratha,33.0
Jan2024_week4,22/01/2024-28/01/2024,Breakfast,Coconut Chutney,32.0
Jan2024_week4,22/01/2024-28/01/2024,Breakfast,Idli,30.0
Jan2024_week4,22/01/2024-28/01/2024,Lunch,Rice,140.0
Jan2024_week4,22/01/2024-28/01/2024,Lunch,Mixed Veg,62.0
Jan2024_week4,22/01/2024-28/01/2024,Lunch,Paneer Masala,58.0
Jan2024_week4,22/01/2024-28/01/2024,Dinner,Chapati,97.0
Jan2024_week4,22/01/2024-28/01/2024,Dinner,Matar Mushroom,55.0
Jan2024_week4,22/01/2024-28/01/2024,Dinner,Shahi Paneer,54.0
Jan2024_week5,29/01/2024-31/01/2024,Breakfast,Coconut Chutney,17.0
Jan2024_week5,29/01/2024-31/01/2024,Breakfast,Puri,17.0
Jan2024_week5,29/01/2024-31/01/2024,Breakfast,Jalebi,17.0
Jan2024_week5,29/01/2024-31/01/2024,Lunch,Rice,79.0
Jan2024_week5,29/01/2024-31/01/2024,Lunch,Chole,33.0
Jan2024_week5,29/01/2024-31/01/2024,Lunch,Paneer Masala,33.0
Jan2024_week5,29/01/2024-31/01/2024,Dinner,Kadhi,29.0
Jan2024_week5,29/01/2024-31/01/2024,Dinner,Matar Mushroom,24.0
Jan2024_week5,29/01/2024-31/01/2024,Dinner,Bhindi Fry,22.0
Feb2024_week1,01/02/2024-07/02/2024,Breakfast,Coconut Chutney,63.0
Feb2024_week1,01/02/2024-07/02/2024,Breakfast,Idli,62.0
Feb2024_week1,01/02/2024-07/02/2024,Breakfast,Sambhar,56.0
Feb2024_week1,01/02/2024-07/02/2024,Lunch,Rice,147.0
Feb2024_week1,01/02/2024-07/02/2024,Lunch,Chole,76.0
Feb2024_week1,01/02/2024-07/02/2024,Lunch,Paneer Masala,56.0
Feb2024_week1,01/02/2024-07/02/2024,Dinner,Roti,78.0
Feb2024_week1,01/02/2024-07/02/2024,Dinner,Chapati,77.0
Feb2024_week1,01/02/2024-07/02/2024,Dinner,Vegetable Curry,66.0
Feb2024_week2,08/02/2024-14/02/2024,Breakfast,Idli,55.0
Feb2024_week2,08/02/2024-14/02/2024,Breakfast,Chutney,28.0
Feb2024_week2,08/02/2024-14/02/2024,Breakfast,Coconut Chutney,27.0
Feb2024_week2,08/02/2024-14/02/2024,Lunch,Rice,144.0
Feb2024_week2,08/02/2024-14/02/2024,Lunch,Mixed Veg,64.0
Feb2024_week2,08/02/2024-14/02/2024,Lunch,Dal Tadka,61.0
Feb2024_week2,08/02/2024-14/02/2024,Dinner,Chapati,121.0
Feb2024_week2,08/02/2024-14/02/2024,Dinner,Shahi Paneer,64.0
Feb2024_week2,08/02/2024-14/02/2024,Dinner,Palak Paneer,55.0
Feb2024_week3,15/02/2024-21/02/2024,Breakfast,Sambhar,45.0
Feb2024_week3,15/02/2024-21/02/2024,Breakfast,Idli,40.0
Feb2024_week3,15/02/2024-21/02/2024,Breakfast,Coconut Chutney,37.0
Feb2024_week3,15/02/2024-21/02/2024,Lunch,Rice,156.0
Feb2024_week3,15/02/2024-21/02/2024,Lunch,Mixed Veg,54.0
Feb2024_week3,15/02/2024-21/02/2024,Lunch,Chana Masala,45.0
Feb2024_week3,15/02/2024-21/02/2024,Dinner,Roti,100.0
Feb2024_week3,15/02/2024-21/02/2024,Dinner,Bhindi Fry,70.0
Feb2024_week3,15/02/2024-21/02/2024,Dinner,Kadhi,63.0
Feb2024_week4,22/02/2024-28/02/2024,Breakfast,Chutney,47.0
Feb2024_week4,22/02/2024-28/02/2024,Breakfast,Aloo Paratha,39.0
Feb2024_week4,22/02/2024-28/02/2024,Breakfast,Puri,32.0
Feb2024_week4,22/02/2024-28/02/2024,Lunch,Rice,165.0
Feb2024_week4,22/02/2024-28/02/2024,Lunch,Rajma,84.0
Feb2024_week4,22/02/2024-28/02/2024,Lunch,Aloo Gobi,56.0
Feb2024_week4,22/02/2024-28/02/2024,Dinner,Chapati,77.0
Feb2024_week4,22/02/2024-28/02/2024,Dinner,Palak Paneer,55.0
Feb2024_week4,22/02/2024-28/02/2024,Dinner,Roti,46.0
Feb2024_week5,29/02/2024-29/02/2024,Breakfast,Coconut Chutney,15.0
Feb2024_week5,29/02/2024-29/02/2024,Breakfast,Sambhar,13.0
Feb2024_week5,29/02/2024-29/02/2024,Breakfast,Idli,12.0
Feb2024_week5,29/02/2024-29/02/2024,Lunch,Chana Masala,22.0
Feb2024_week5,29/02/2024-29/02/2024,Lunch,Rice,19.0
Feb2024_week5,29/02/2024-29/02/2024,Lunch,Mixed Veg,15.0
Feb2024_week5,29/02/2024-29/02/2024,Dinner,Chapati,25.0
Feb2024_week5,29/02/2024-29/02/2024,Dinner,Mixed Veg,20.0
Feb2024_week5,29/02/2024-29/02/2024,Dinner,Palak Paneer,18.0
Mar2024_week1,01/03/2024-07/03/2024,Breakfast,Idli,46.0
Mar2024_week1,01/03/2024-07/03/2024,Breakfast,Puri,37.0
Mar2024_week1,01/03/2024-07/03/2024,Breakfast,Aloo Bhaji,33.0
Mar2024_week1,01/03/2024-07/03/2024,Lunch,Rice,177.0
Mar2024_week1,01/03/2024-07/03/2024,Lunch,Chana Masala,46.0
Mar2024_week1,01/03/2024-07/03/2024,Lunch,Paneer Bhurji,45.0
Mar2024_week1,01/03/2024-07/03/2024,Dinner,Chole,72.0
Mar2024_week1,01/03/2024-07/03/2024,Dinner,Chapati,65.0
Mar2024_week1,01/03/2024-07/03/2024,Dinner,Roti,63.0
Mar2024_week2,08/03/2024-14/03/2024,Breakfast,Aloo Paratha,43.0
Mar2024_week2,08/03/2024-14/03/2024,Breakfast,Curd,41.0
Mar2024_week2,08/03/2024-14/03/2024,Breakfast,Dosa,38.0
Mar2024_week2,08/03/2024-14/03/2024,Lunch,Rice,172.0
Mar2024_week2,08/03/2024-14/03/2024,Lunch,Paneer Masala,71.0
Mar2024_week2,08/03/2024-14/03/2024,Lunch,Dal,65.0
Mar2024_week2,08/03/2024-14/03/2024,Dinner,Chapati,101.0
Mar2024_week2,08/03/2024-14/03/2024,Dinner,Palak Paneer,61.0
Mar2024_week2,08/03/2024-14/03/2024,Dinner,Roti,49.0
Mar2024_week3,15/03/2024-21/03/2024,Breakfast,Aloo Paratha,49.0
Mar2024_week3,15/03/2024-21/03/2024,Breakfast,Chutney,41.0
Mar2024_week3,15/03/2024-21/03/2024,Breakfast,Curd,29.0
Mar2024_week3,15/03/2024-21/03/2024,Lunch,Rice,151.0
Mar2024_week3,15/03/2024-21/03/2024,Lunch,Paneer Masala,112.0
Mar2024_week3,15/03/2024-21/03/2024,Lunch,Chole,103.0
Mar2024_week3,15/03/2024-21/03/2024,Dinner,Roti,83.0
Mar2024_week3,15/03/2024-21/03/2024,Dinner,Chapati,69.0
Mar2024_week3,15/03/2024-21/03/2024,Dinner,Chole,49.0
Mar2024_week4,22/03/2024-28/03/2024,Breakfast,Sambar,34.0
Mar2024_week4,22/03/2024-28/03/2024,Breakfast,Idli,33.0
Mar2024_week4,22/03/2024-28/03/2024,Breakfast,Pongal,32.0
Mar2024_week4,22/03/2024-28/03/2024,Lunch,Rice,169.0
Mar2024_week4,22/03/2024-28/03/2024,Lunch,Chole,48.0
Mar2024_week4,22/03/2024-28/03/2024,Lunch,Rajma,45.0
Mar2024_week4,22/03/2024-28/03/2024,Dinner,Chapati,77.0
Mar2024_week4,22/03/2024-28/03/2024,Dinner,Roti,58.0
Mar2024_week4,22/03/2024-28/03/2024,Dinner,Matar Mushroom,53.0
Mar2024_week5,29/03/2024-31/03/2024,Breakfast,Pongal,30.0
Mar2024_week5,29/03/2024-31/03/2024,Breakfast,Sambar,27.0
Mar2024_week5,29/03/2024-31/03/2024,Breakfast,Medu Vada,24.0
Mar2024_week5,29/03/2024-31/03/2024,Lunch,Rice,59.0
Mar2024_week5,29/03/2024-31/03/2024,Lunch,Paneer Curry,33.0
Mar2024_week5,29/03/2024-31/03/2024,Lunch,Aloo Gobi,18.0
Mar2024_week5,29/03/2024-31/03/2024,Dinner,Palak Paneer,68.0
Mar2024_week5,29/03/2024-31/03/2024,Dinner,Chapati,67.0
Mar2024_week5,29/03/2024-31/03/2024,Dinner,Paneer Butter Masala,29.0
Apr2024_week1,01/04/2024-07/04/2024,Breakfast,Pongal,47.0
Apr2024_week1,01/04/2024-07/04/2024,Breakfast,Chutney,45.0
Apr2024_week1,01/04/2024-07/04/2024,Breakfast,Curd,44.0
Apr2024_week1,01/04/2024-07/04/2024,Lunch,Rice,166.0
Apr2024_week1,01/04/2024-07/04/2024,Lunch,Rajma,56.0
Apr2024_week1,01/04/2024-07/04/2024,Lunch,Dal Tadka,52.0
Apr2024_week1,01/04/2024-07/04/2024,Dinner,Palak Paneer,80.0
Apr2024_week1,01/04/2024-07/04/2024,Dinner,Roti,68.0
Apr2024_week1,01/04/2024-07/04/2024,Dinner,Chapati,64.0
Apr2024_week2,08/04/2024-14/04/2024,Breakfast,Jalebi,44.0
Apr2024_week2,08/04/2024-14/04/2024,Breakfast,Aloo Bhaji,38.0
Apr2024_week2,08/04/2024-14/04/2024,Breakfast,Puri,37.0
Apr2024_week2,08/04/2024-14/04/2024,Lunch,Rice,155.0
Apr2024_week2,08/04/2024-14/04/2024,Lunch,Dal,47.0
Apr2024_week2,08/04/2024-14/04/2024,Lunch,Dal Tadka,46.0
Apr2024_week2,08/04/2024-14/04/2024,Dinner,Chapati,85.0
Apr2024_week2,08/04/2024-14/04/2024,Dinner,Mixed Veg,76.0
Apr2024_week2,08/04/2024-14/04/2024,Dinner,Palak Paneer,73.0
Apr2024_week3,15/04/2024-21/04/2024,Breakfast,Idli,61.0
Apr2024_week3,15/04/2024-21/04/2024,Breakfast,Sambhar,41.0
Apr2024_week3,15/04/2024-21/04/2024,Breakfast,Coconut Chutney,37.0
Apr2024_week3,15/04/2024-21/04/2024,Lunch,Rice,124.0
Apr2024_week3,15/04/2024-21/04/2024,Lunch,Dal,61.0
Apr2024_week3,15/04/2024-21/04/2024,Lunch,Paneer Bhurji,53.0
Apr2024_week3,15/04/2024-21/04/2024,Dinner,Chapati,90.0
Apr2024_week3,15/04/2024-21/04/2024,Dinner,Roti,52.0
Apr2024_week3,15/04/2024-21/04/2024,Dinner,Mixed Veg,45.0
Apr2024_week4,22/04/2024-28/04/2024,Breakfast,Upma,47.0
Apr2024_week4,22/04/2024-28/04/2024,Breakfast,Idli,43.0
Apr2024_week4,22/04/2024-28/04/2024,Breakfast,Medu Vada,42.0
Apr2024_week4,22/04/2024-28/04/2024,Lunch,Rice,144.0
Apr2024_week4,22/04/2024-28/04/2024,Lunch,Chana Masala,64.0
Apr2024_week4,22/04/2024-28/04/2024,Lunch,Mixed Veg,56.0
Apr2024_week4,22/04/2024-28/04/2024,Dinner,Palak Paneer,144.0
Apr2024_week4,22/04/2024-28/04/2024,Dinner,Chapati,114.0
Apr2024_week4,22/04/2024-28/04/2024,Dinner,Paneer Butter Masala,75.0
Apr2024_week5,29/04/2024-30/04/2024,Breakfast,Dosa,33.0
Apr2024_week5,29/04/2024-30/04/2024,Breakfast,Idli,21.0
Apr2024_week5,29/04/2024-30/04/2024,Breakfast,Upma,18.0
Apr2024_week5,29/04/2024-30/04/2024,Lunch,Rice,55.0
Apr2024_week5,29/04/2024-30/04/2024,Lunch,Paneer Curry,29.0
Apr2024_week5,29/04/2024-30/04/2024,Lunch,Dal,15.0
Apr2024_week5,29/04/2024-30/04/2024,Dinner,Paneer Butter Masala,28.0
Apr2024_week5,29/04/2024-30/04/2024,Dinner,Chole,25.0
Apr2024_week5,29/04/2024-30/04/2024,Dinner,Chapati,22.0
May2024_week1,01/05/2024-07/05/2024,Breakfast,Chutney,37.0
May2024_week1,01/05/2024-07/05/2024,Breakfast,Curd,34.0
May2024_week1,01/05/2024-07/05/2024,Breakfast,Idli,20.0
May2024_week1,01/05/2024-07/05/2024,Lunch,Rice,177.0
May2024_week1,01/05/2024-07/05/2024,Lunch,Paneer Masala,56.0
May2024_week1,01/05/2024-07/05/2024,Lunch,Mixed Veg,55.0
May2024_week1,01/05/2024-07/05/2024,Dinner,Chapati,90.0
May2024_week1,01/05/2024-07/05/2024,Dinner,Matar Mushroom,65.0
May2024_week1,01/05/2024-07/05/2024,Dinner,Vegetable Curry,58.0
May2024_week2,08/05/2024-14/05/2024,Breakfast,Jalebi,59.0
May2024_week2,08/05/2024-14/05/2024,Breakfast,Puri,56.0
May2024_week2,08/05/2024-14/05/2024,Breakfast,Aloo Bhaji,49.0
May2024_week2,08/05/2024-14/05/2024,Lunch,Rice,154.0
May2024_week2,08/05/2024-14/05/2024,Lunch,Chole,92.0
May2024_week2,08/05/2024-14/05/2024,Lunch,Paneer Masala,76.0
May2024_week2,08/05/2024-14/05/2024,Dinner,Chapati,67.0
May2024_week2,08/05/2024-14/05/2024,Dinner,Roti,64.0
May2024_week2,08/05/2024-14/05/2024,Dinner,Matar Mushroom,64.0
May2024_week3,15/05/2024-21/05/2024,Breakfast,Coconut Chutney,44.0
May2024_week3,15/05/2024-21/05/2024,Breakfast,Sambhar,43.0
May2024_week3,15/05/2024-21/05/2024,Breakfast,Aloo Paratha,24.0
May2024_week3,15/05/2024-21/05/2024,Lunch,Rice,170.0
May2024_week3,15/05/2024-21/05/2024,Lunch,Chana Masala,63.0
May2024_week3,15/05/2024-21/05/2024,Lunch,Paneer Masala,49.0
May2024_week3,15/05/2024-21/05/2024,Dinner,Chapati,77.0
May2024_week3,15/05/2024-21/05/2024,Dinner,Palak Paneer,63.0
May2024_week3,15/05/2024-21/05/2024,Dinner,Mixed Veg,62.0
May2024_week4,22/05/2024-28/05/2024,Breakfast,Coconut Chutney,61.0
May2024_week4,22/05/2024-28/05/2024,Breakfast,Idli,50.0
May2024_week4,22/05/2024-28/05/2024,Breakfast,Sambhar,48.0
May2024_week4,22/05/2024-28/05/2024,Lunch,Rice,188.0
May2024_week4,22/05/2024-28/05/2024,Lunch,Rajma,71.0
May2024_week4,22/05/2024-28/05/2024,Lunch,Chole,58.0
May2024_week4,22/05/2024-28/05/2024,Dinner,Kadhi,89.0
May2024_week4,22/05/2024-28/05/2024,Dinner,Roti,83.0
May2024_week4,22/05/2024-28/05/2024,Dinner,Bhindi Fry,81.0
May2024_week5,29/05/2024-31/05/2024,Breakfast,Idli,18.0
May2024_week5,29/05/2024-31/05/2024,Breakfast,Aloo Bhaji,17.0
May2024_week5,29/05/2024-31/05/2024,Breakfast,Upma,17.0
May2024_week5,29/05/2024-31/05/2024,Lunch,Aloo Gobi,78.0
May2024_week5,29/05/2024-31/05/2024,Lunch,Rice,60.0
May2024_week5,29/05/2024-31/05/2024,Lunch,Rajma,59.0
May2024_week5,29/05/2024-31/05/2024,Dinner,Roti,41.0
May2024_week5,29/05/2024-31/05/2024,Dinner,Chapati,29.0
May2024_week5,29/05/2024-31/05/2024,Dinner,Chole,25.0
Jun2024_week1,01/06/2024-07/06/2024,Breakfast,Curd,38.0
Jun2024_week1,01/06/2024-07/06/2024,Breakfast,Aloo Paratha,27.0
Jun2024_week1,01/06/2024-07/06/2024,Breakfast,Jalebi,27.0
Jun2024_week1,01/06/2024-07/06/2024,Lunch,Rice,164.0
Jun2024_week1,01/06/2024-07/06/2024,Lunch,Dal,83.0
Jun2024_week1,01/06/2024-07/06/2024,Lunch,Paneer Curry,52.0
Jun2024_week1,01/06/2024-07/06/2024,Dinner,Chapati,105.0
Jun2024_week1,01/06/2024-07/06/2024,Dinner,Palak Paneer,60.0
Jun2024_week1,01/06/2024-07/06/2024,Dinner,Roti,51.0
Jun2024_week2,08/06/2024-14/06/2024,Breakfast,Pongal,41.0
Jun2024_week2,08/06/2024-14/06/2024,Breakfast,Medu Vada,41.0
Jun2024_week2,08/06/2024-14/06/2024,Breakfast,Chutney,30.0
Jun2024_week2,08/06/2024-14/06/2024,Lunch,Rice,147.0
Jun2024_week2,08/06/2024-14/06/2024,Lunch,Paneer Masala,67.0
Jun2024_week2,08/06/2024-14/06/2024,Lunch,Paneer Bhurji,65.0
Jun2024_week2,08/06/2024-14/06/2024,Dinner,Chapati,88.0
Jun2024_week2,08/06/2024-14/06/2024,Dinner,Palak Paneer,77.0
Jun2024_week2,08/06/2024-14/06/2024,Dinner,Mixed Veg,67.0
Jun2024_week3,15/06/2024-21/06/2024,Breakfast,Pongal,64.0
Jun2024_week3,15/06/2024-21/06/2024,Breakfast,Sambar,49.0
Jun2024_week3,15/06/2024-21/06/2024,Breakfast,Medu Vada,48.0
Jun2024_week3,15/06/2024-21/06/2024,Lunch,Rice,159.0
Jun2024_week3,15/06/2024-21/06/2024,Lunch,Paneer Masala,60.0
Jun2024_week3,15/06/2024-21/06/2024,Lunch,Chole,44.0
Jun2024_week3,15/06/2024-21/06/2024,Dinner,Chapati,75.0
Jun2024_week3,15/06/2024-21/06/2024,Dinner,Palak Paneer,68.0
Jun2024_week3,15/06/2024-21/06/2024,Dinner,Roti,52.0
Jun2024_week4,22/06/2024-28/06/2024,Breakfast,Idli,36.0
Jun2024_week4,22/06/2024-28/06/2024,Breakfast,Curd,34.0
Jun2024_week4,22/06/2024-28/06/2024,Breakfast,Sambar,27.0
Jun2024_week4,22/06/2024-28/06/2024,Lunch,Rice,176.0
Jun2024_week4,22/06/2024-28/06/2024,Lunch,Dal Tadka,41.0
Jun2024_week4,22/06/2024-28/06/2024,Lunch,Chole,41.0
Jun2024_week4,22/06/2024-28/06/2024,Dinner,Chapati,86.0
Jun2024_week4,22/06/2024-28/06/2024,Dinner,Mixed Veg,65.0
Jun2024_week4,22/06/2024-28/06/2024,Dinner,Palak Paneer,64.0
Jun2024_week5,29/06/2024-30/06/2024,Breakfast,Chutney,17.0
Jun2024_week5,29/06/2024-30/06/2024,Breakfast,Sambar,16.0
Jun2024_week5,29/06/2024-30/06/2024,Breakfast,Pongal,6.0
Jun2024_week5,29/06/2024-30/06/2024,Lunch,Rice,52.0
Jun2024_week5,29/06/2024-30/06/2024,Lunch,Dal Tadka,43.0
Jun2024_week5,29/06/2024-30/06/2024,Lunch,Paneer Bhurji,32.0
Jun2024_week5,29/06/2024-30/06/2024,Dinner,Chapati,43.0
Jun2024_week5,29/06/2024-30/06/2024,Dinner,Matar Mushroom,22.0
Jun2024_week5,29/06/2024-30/06/2024,Dinner,Shahi Paneer,15.0
Jul2024_week1,01/07/2024-07/07/2024,Breakfast,Jalebi,47.0
Jul2024_week1,01/07/2024-07/07/2024,Breakfast,Aloo Bhaji,42.0
Jul2024_week1,01/07/2024-07/07/2024,Breakfast,Idli,29.0
Jul2024_week1,01/07/2024-07/07/2024,Lunch,Rice,147.0
Jul2024_week1,01/07/2024-07/07/2024,Lunch,Mixed Veg,60.0
Jul2024_week1,01/07/2024-07/07/2024,Lunch,Chana Masala,56.0
Jul2024_week1,01/07/2024-07/07/2024,Dinner,Roti,133.0
Jul2024_week1,01/07/2024-07/07/2024,Dinner,Kadhi,108.0
Jul2024_week1,01/07/2024-07/07/2024,Dinner,Bhindi Fry,91.0
Jul2024_week2,08/07/2024-14/07/2024,Breakfast,Chutney,43.0
Jul2024_week2,08/07/2024-14/07/2024,Breakfast,Aloo Paratha,39.0
Jul2024_week2,08/07/2024-14/07/2024,Breakfast,Curd,33.0
Jul2024_week2,08/07/2024-14/07/2024,Lunch,Rice,145.0
Jul2024_week2,08/07/2024-14/07/2024,Lunch,Chana Masala,79.0
Jul2024_week2,08/07/2024-14/07/2024,Lunch,Paneer Curry,65.0
Jul2024_week2,08/07/2024-14/07/2024,Dinner,Chapati,105.0
Jul2024_week2,08/07/2024-14/07/2024,Dinner,Palak Paneer,86.0
Jul2024_week2,08/07/2024-14/07/2024,Dinner,Mixed Veg,60.0
Jul2024_week3,15/07/2024-21/07/2024,Breakfast,Curd,35.0
Jul2024_week3,15/07/2024-21/07/2024,Breakfast,Upma,27.0
Jul2024_week3,15/07/2024-21/07/2024,Breakfast,Chutney,27.0
Jul2024_week3,15/07/2024-21/07/2024,Lunch,Rice,159.0
Jul2024_week3,15/07/2024-21/07/2024,Lunch,Paneer Curry,61.0
Jul2024_week3,15/07/2024-21/07/2024,Lunch,Dal Tadka,57.0
Jul2024_week3,15/07/2024-21/07/2024,Dinner,Chapati,77.0
Jul2024_week3,15/07/2024-21/07/2024,Dinner,Roti,64.0
Jul2024_week3,15/07/2024-21/07/2024,Dinner,Palak Paneer,45.0
Jul2024_week4,22/07/2024-28/07/2024,Breakfast,Upma,32.0
Jul2024_week4,22/07/2024-28/07/2024,Breakfast,Sambar,29.0
Jul2024_week4,22/07/2024-28/07/2024,Breakfast,Dosa,28.0
Jul2024_week4,22/07/2024-28/07/2024,Lunch,Rice,127.0
Jul2024_week4,22/07/2024-28/07/2024,Lunch,Paneer Bhurji,41.0
Jul2024_week4,22/07/2024-28/07/2024,Lunch,Paneer Masala,34.0
Jul2024_week4,22/07/2024-28/07/2024,Dinner,Roti,87.0
Jul2024_week4,22/07/2024-28/07/2024,Dinner,Kadhi,76.0
Jul2024_week4,22/07/2024-28/07/2024,Dinner,Bhindi Fry,69.0
Jul2024_week5,29/07/2024-31/07/2024,Breakfast,Curd,31.0
Jul2024_week5,29/07/2024-31/07/2024,Breakfast,Chutney,28.0
Jul2024_week5,29/07/2024-31/07/2024,Breakfast,Pongal,19.0
Jul2024_week5,29/07/2024-31/07/2024,Lunch,Rice,48.0
Jul2024_week5,29/07/2024-31/07/2024,Lunch,Chole,22.0
Jul2024_week5,29/07/2024-31/07/2024,Lunch,Paneer Masala,22.0
Jul2024_week5,29/07/2024-31/07/2024,Dinner,Roti,67.0
Jul2024_week5,29/07/2024-31/07/2024,Dinner,Bhindi Fry,50.0
Jul2024_week5,29/07/2024-31/07/2024,Dinner,Kadhi,31.0
Aug2024_week1,01/08/2024-07/08/2024,Breakfast,Sambar,47.0
Aug2024_week1,01/08/2024-07/08/2024,Breakfast,Medu Vada,37.0
Aug2024_week1,01/08/2024-07/08/2024,Breakfast,Curd,36.0
Aug2024_week1,01/08/2024-07/08/2024,Lunch,Rice,172.0
Aug2024_week1,01/08/2024-07/08/2024,Lunch,Mixed Veg,67.0
Aug2024_week1,01/08/2024-07/08/2024,Lunch,Dal Tadka,47.0
Aug2024_week1,01/08/2024-07/08/2024,Dinner,Chapati,93.0
Aug2024_week1,01/08/2024-07/08/2024,Dinner,Kadhi,74.0
Aug2024_week1,01/08/2024-07/08/2024,Dinner,Palak Paneer,55.0
Aug2024_week2,08/08/2024-14/08/2024,Breakfast,Aloo Paratha,35.0
Aug2024_week2,08/08/2024-14/08/2024,Breakfast,Curd,33.0
Aug2024_week2,08/08/2024-14/08/2024,Breakfast,Puri,29.0
Aug2024_week2,08/08/2024-14/08/2024,Lunch,Rice,170.0
Aug2024_week2,08/08/2024-14/08/2024,Lunch,Dal,62.0
Aug2024_week2,08/08/2024-14/08/2024,Lunch,Paneer Masala,54.0
Aug2024_week2,08/08/2024-14/08/2024,Dinner,Chapati,84.0
Aug2024_week2,08/08/2024-14/08/2024,Dinner,Palak Paneer,61.0
Aug2024_week2,08/08/2024-14/08/2024,Dinner,Roti,61.0
Aug2024_week3,15/08/2024-21/08/2024,Breakfast,Medu Vada,60.0
Aug2024_week3,15/08/2024-21/08/2024,Breakfast,Sambar,56.0
Aug2024_week3,15/08/2024-21/08/2024,Breakfast,Pongal,34.0
Aug2024_week3,15/08/2024-21/08/2024,Lunch,Rice,154.0
Aug2024_week3,15/08/2024-21/08/2024,Lunch,Chole,62.0
Aug2024_week3,15/08/2024-21/08/2024,Lunch,Paneer Masala,50.0
Aug2024_week3,15/08/2024-21/08/2024,Dinner,Chapati,107.0
Aug2024_week3,15/08/2024-21/08/2024,Dinner,Palak Paneer,81.0
Aug2024_week3,15/08/2024-21/08/2024,Dinner,Mixed Veg,73.0
Aug2024_week4,22/08/2024-28/08/2024,Breakfast,Aloo Paratha,37.0
Aug2024_week4,22/08/2024-28/08/2024,Breakfast,Sambhar,34.0
Aug2024_week4,22/08/2024-28/08/2024,Breakfast,Chutney,33.0
Aug2024_week4,22/08/2024-28/08/2024,Lunch,Rice,181.0
Aug2024_week4,22/08/2024-28/08/2024,Lunch,Rajma,82.0
Aug2024_week4,22/08/2024-28/08/2024,Lunch,Aloo Gobi,75.0
Aug2024_week4,22/08/2024-28/08/2024,Dinner,Chapati,84.0
Aug2024_week4,22/08/2024-28/08/2024,Dinner,Palak Paneer,70.0
Aug2024_week4,22/08/2024-28/08/2024,Dinner,Roti,53.0
Aug2024_week5,29/08/2024-31/08/2024,Breakfast,Sambhar,17.0
Aug2024_week5,29/08/2024-31/08/2024,Breakfast,Sambar,17.0
Aug2024_week5,29/08/2024-31/08/2024,Breakfast,Jalebi,11.0
Aug2024_week5,29/08/2024-31/08/2024,Lunch,Rice,65.0
Aug2024_week5,29/08/2024-31/08/2024,Lunch,Rajma,57.0
Aug2024_week5,29/08/2024-31/08/2024,Lunch,Aloo Gobi,43.0
Aug2024_week5,29/08/2024-31/08/2024,Dinner,Chapati,48.0
Aug2024_week5,29/08/2024-31/08/2024,Dinner,Matar Mushroom,37.0
Aug2024_week5,29/08/2024-31/08/2024,Dinner,Shahi Paneer,36.0
