month_year,week,date,breakfast_items,breakfast_kg,lunch_items,lunch_kg,dinner_items,dinner_kg
Aug2024,week3,21/08/2024,Aloo Paratha;Puri Bhaji;Gobi Paratha,74.96;53.53;74.61,Steamed Rice;Curd Rice;Mix Veg Curry,249.78;241.62;217.82,Jeera Aloo;Tawa Roti;Tawa Vegetables,317.32;321.85;275.85
Aug2024,week4,22/08/2024,Besan Chilla;Onion Dosa;Upma,71.49;66.96;74.90,Chole;Moong Dal;Biryani,269.18;231.00;224.27,Aloo Jeera;Bhindi Fry;Mixed Veg Curry,303.32;311.73;278.25
Aug2024,week4,23/08/2024,Vermicelli Upma;Uttapam;Puri Bhaji,77.19;78.30;63.86,Palak Paneer;Bhindi Masala;Toor Dal,285.39;258.01;208.18,Jeera Aloo;Bhindi Fry;Veg Jalfrezi,329.71;295.70;248.66
Aug2024,week4,24/08/2024,Samosa;Plain Dosa;Daliya,73.44;78.75;73.84,Lemon Rice;Panchmel Dal;Tomato Rice,352.73;354.16;264.10,Missi Roti;Veg Jalfrezi;Aloo Methi,354.15;334.65;366.85
Aug2024,week4,25/08/2024,Pav Bhaji;Poha;Onion Dosa,90.17;74.89;79.46,Dal Makhani;Veg Pulao;Dal Tadka,288.68;308.93;256.58,Aloo Jeera;Bhindi Fry;Rumali Roti,340.59;355.40;313.57
Aug2024,week4,26/08/2024,Semiya Upma;Pav Bhaji;Plain Dosa,76.45;58.97;79.71,Jeera Rice;Veg Kofta Curry;Curd Rice,237.00;288.98;202.27,Chana Masala;Garlic Naan;Paneer Tikka Masala,309.27;286.43;313.37
Aug2024,week4,27/08/2024,Daliya;Gobi Paratha;Pav Bhaji,70.59;64.22;84.67,Aloo Matar;Lauki Kofta;Shahi Paneer,288.20;260.21;229.15,Rumali Roti;Malai Kofta;Tawa Vegetables,318.73;319.02;269.43
Aug2024,week4,28/08/2024,Bread Pakora;Idli;Sabudana Khichdi,66.68;67.16;75.73,Dal Tadka;Masoor Dal;Mix Veg Curry,238.10;275.83;195.10,Kadai Paneer;Tawa Roti;Bhindi Fry,331.48;282.01;309.32
Aug2024,week5,29/08/2024,Daliya;Medu Vada;Vermicelli Upma,79.72;65.48;74.10,Biryani;Rajma;Baingan Bharta,289.56;255.41;227.02,Jeera Aloo;Missi Roti;Tawa Vegetables,303.84;294.82;302.73
Aug2024,week5,30/08/2024,Puri Bhaji;Vermicelli Upma;Aloo Paratha,81.97;65.88;76.31,Kadhi Pakora;Palak Paneer;Toor Dal,261.14;248.75;219.51,Dal Makhani;Veg Kolhapuri;Aloo Methi,343.35;316.29;290.40
Aug2024,week5,31/08/2024,Upma;Sabudana Khichdi;Poha,69.63;59.52;84.79,Lauki Kofta;Dal Tadka;Chana Dal,339.25;313.50;203.77,Tandoori Roti;Chana Masala;Veg Kolhapuri,370.48;326.32;333.50
Sep2024,week1,01/09/2024,Bread Pakora;Plain Dosa;Onion Dosa,73.62;78.62;88.34,Masoor Dal;Tomato Rice;Palak Paneer,283.03;310.66;221.24,Bhindi Do Pyaza;Malai Kofta;Bhindi Fry,291.63;282.67;364.73
Sep2024,week1,02/09/2024,Chole Puri;Onion Dosa;Vermicelli Upma,71.22;58.39;78.40,Mix Veg Curry;Rajma;Palak Paneer,266.85;279.82;190.39,Gobhi Masala;Mixed Veg Curry;Paneer Do Pyaza,260.45;271.57;274.45
Sep2024,week1,03/09/2024,Upma;Mixed Paratha;Puri Bhaji,58.94;69.57;78.19,Dal Makhani;Lemon Rice;Aloo Matar,299.85;239.22;191.85,Aloo Jeera;Dal Makhani;Kadai Paneer,249.27;296.44;319.06
Sep2024,week1,04/09/2024,Vermicelli Upma;Methi Paratha;Semiya Upma,62.57;68.02;63.00,Panchmel Dal;Lauki Kofta;Chana Dal,233.84;289.21;202.87,Chana Masala;Rumali Roti;Bhindi Do Pyaza,289.95;298.78;321.59
Sep2024,week1,05/09/2024,Vada Pav;Besan Chilla;Medu Vada,61.29;67.46;70.74,Biryani;Dal Tadka;Chana Dal,270.40;207.78;230.56,Bhindi Do Pyaza;Malai Kofta;Tawa Roti,341.35;262.28;297.49
Sep2024,week1,06/09/2024,Gobi Paratha;Vada Pav;Vermicelli Upma,67.73;66.57;79.58,Dal Fry;Kadhi Pakora;Masoor Dal,255.86;263.79;208.80,Paneer Butter Masala;Mixed Veg Curry;Gobhi Masala,298.29;274.14;308.26
Sep2024,week1,07/09/2024,Idli;Upma;Onion Dosa,78.95;71.69;89.78,Lauki Kofta;Masoor Dal;Aloo Gobi,353.97;268.25;274.09,Bhindi Do Pyaza;Gobi Manchurian;Aloo Methi,357.30;311.14;307.81
Sep2024,week2,08/09/2024,Paneer Paratha;Bread Pakora;Sabudana Khichdi,72.00;82.14;95.38,Dal Tadka;Bhindi Masala;Masoor Dal,309.48;292.34;241.26,Dal Makhani;Rumali Roti;Kadai Paneer,334.72;277.37;359.83
Sep2024,week2,09/09/2024,Vada Pav;Puri Bhaji;Rava Dosa,58.87;68.55;74.93,Biryani;Chana Dal;Aloo Matar,258.74;237.48;200.60,Veg Kolhapuri;Dal Makhani;Gobi Manchurian,264.49;321.86;247.55
Sep2024,week2,10/09/2024,Pav Bhaji;Gobi Paratha;Medu Vada,67.40;65.03;80.39,Veg Kofta Curry;Lauki Kofta;Tomato Rice,320.50;240.16;191.42,Veg Kolhapuri;Bhindi Fry;Paneer Lababdar,308.69;339.94;269.36
Sep2024,week2,11/09/2024,Pav Bhaji;Samosa;Vermicelli Upma,79.34;60.17;66.80,Chana Dal;Veg Kofta Curry;Matar Paneer,261.29;245.54;218.36,Mixed Veg Curry;Tandoori Roti;Malai Kofta,325.93;275.97;249.44
Sep2024,week2,12/09/2024,Puri Bhaji;Aloo Paratha;Vada Pav,71.18;62.97;77.44,Coconut Rice;Rajma;Panchmel Dal,283.13;262.07;221.77,Paneer Do Pyaza;Chana Masala;Tawa Vegetables,310.57;250.52;229.18
Sep2024,week2,13/09/2024,Onion Dosa;Pav Bhaji;Paneer Paratha,71.83;63.17;76.73,Shahi Paneer;Toor Dal;Coconut Rice,260.89;293.45;221.79,Dal Makhani;Bhindi Fry;Veg Jalfrezi,235.65;271.72;293.19
Sep2024,week2,14/09/2024,Daliya;Idli;Semiya Upma,81.43;84.88;83.81,Steamed Rice;Aloo Gobi;Veg Pulao,302.68;294.39;252.04,Paneer Butter Masala;Tandoori Roti;Chana Masala,345.16;298.74;370.80
Sep2024,week3,15/09/2024,Idli;Samosa;Methi Paratha,81.84;67.35;72.15,Steamed Rice;Lauki Kofta;Toor Dal,317.23;302.24;278.55,Kadai Paneer;Chana Masala;Tawa Roti,363.04;304.34;382.21
Sep2024,week3,16/09/2024,Mixed Paratha;Methi Paratha;Bread Pakora,75.32;61.87;80.38,Bhindi Masala;Dal Tadka;Chana Dal,284.81;261.43;214.80,Malai Kofta;Tawa Roti;Mixed Veg Curry,312.21;263.50;297.58
Sep2024,week3,17/09/2024,Chole Puri;Rava Dosa;Sabudana Khichdi,65.95;70.69;70.41,Dal Tadka;Baingan Bharta;Matar Paneer,247.06;227.00;189.69,Missi Roti;Gobhi Masala;Tawa Vegetables,303.33;282.01;309.85
Sep2024,week3,18/09/2024,Besan Chilla;Chole Puri;Vada Pav,78.05;60.25;75.41,Lauki Kofta;Biryani;Chole,259.83;237.54;214.38,Paneer Do Pyaza;Bhindi Fry;Tawa Roti,278.46;322.35;292.34
Sep2024,week3,19/09/2024,Plain Dosa;Paneer Paratha;Vermicelli Upma,69.68;67.44;72.83,Chana Dal;Panchmel Dal;Tomato Rice,259.51;260.37;204.64,Chana Masala;Dal Makhani;Butter Naan,305.91;300.84;340.79
Sep2024,week3,20/09/2024,Paneer Paratha;Poha;Semiya Upma,70.66;68.19;73.85,Chana Dal;Toor Dal;Dal Makhani,245.53;284.33;204.36,Veg Kolhapuri;Missi Roti;Kadai Paneer,301.61;317.63;321.21
Sep2024,week3,21/09/2024,Paneer Paratha;Rava Idli;Gobi Paratha,75.60;71.07;82.84,Chana Dal;Biryani;Lauki Kofta,277.91;296.27;232.51,Paneer Butter Masala;Aloo Methi;Bhindi Fry,370.22;376.03;390.75
Sep2024,week4,22/09/2024,Vermicelli Upma;Mixed Paratha;Samosa,86.06;68.96;82.67,Biryani;Aloo Gobi;Rajma,338.36;313.62;231.15,Aloo Jeera;Veg Kolhapuri;Jeera Aloo,412.05;314.45;358.34
Sep2024,week4,23/09/2024,Gobi Paratha;Vada Pav;Puri Bhaji,72.97;64.66;74.04,Bhindi Masala;Dal Fry;Panchmel Dal,264.89;269.62;209.00,Rumali Roti;Garlic Naan;Dal Makhani,267.03;254.50;337.54
Sep2024,week4,24/09/2024,Gobi Paratha;Chole Puri;Idli,70.54;66.39;84.64,Aloo Matar;Dal Fry;Lemon Rice,276.38;276.94;209.15,Butter Naan;Malai Kofta;Missi Roti,310.40;292.15;328.03
Sep2024,week4,25/09/2024,Rava Idli;Chole Bhature;Plain Dosa,66.00;61.33;69.14,Dal Makhani;Curd Rice;Dal Fry,209.66;264.62;238.37,Paneer Do Pyaza;Malai Kofta;Veg Jalfrezi,314.98;284.84;279.57
Sep2024,week4,26/09/2024,Besan Chilla;Mixed Paratha;Vermicelli Upma,70.08;77.64;76.20,Jeera Rice;Lauki Kofta;Aloo Gobi,272.36;260.30;216.38,Veg Jalfrezi;Chana Masala;Butter Naan,270.42;302.60;292.74
Sep2024,week4,27/09/2024,Aloo Paratha;Methi Paratha;Onion Dosa,63.80;61.51;84.27,Dal Fry;Toor Dal;Lauki Kofta,289.19;242.29;176.82,Jeera Aloo;Aloo Methi;Bhindi Do Pyaza,337.78;287.64;304.46
Sep2024,week4,28/09/2024,Chole Bhature;Puri Bhaji;Rava Dosa,79.45;73.78;82.42,Chole;Baingan Bharta;Steamed Rice,289.10;304.45;263.66,Gobi Manchurian;Laccha Paratha;Bhindi Fry,394.53;311.06;357.64
Sep2024,week5,29/09/2024,Rava Idli;Sabudana Khichdi;Samosa,78.94;62.61;96.67,Bhindi Masala;Chole;Veg Pulao,316.51;242.24;251.10,Missi Roti;Aloo Methi;Bhindi Fry,336.68;356.17;374.18
Sep2024,week5,30/09/2024,Besan Chilla;Chole Puri;Gobi Paratha,80.73;61.84;71.36,Baingan Bharta;Kadhi Pakora;Chana Dal,271.53;304.05;227.18,Malai Kofta;Bhindi Fry;Mixed Veg Curry,268.37;326.84;251.74
Oct2024,week1,01/10/2024,Vermicelli Upma;Mixed Paratha;Rava Dosa,84.61;71.52;74.07,Matar Paneer;Jeera Rice;Coconut Rice,284.39;312.78;201.58,Bhindi Do Pyaza;Kadai Paneer;Garlic Naan,273.20;297.69;303.62
Oct2024,week1,02/10/2024,Poha;Masala Dosa;Chole Bhature,98.45;79.67;97.43,Bhindi Masala;Aloo Gobi;Dal Tadka,355.01;373.44;291.28,Mixed Veg Curry;Malai Kofta;Tandoori Roti,355.02;365.80;374.25
Oct2024,week1,03/10/2024,Sabudana Khichdi;Fruit Salad;Kuttu Puri,78.61;82.89;101.17,Samak Rice;Kaddu Curry;Aloo Jeera,295.40;366.62;288.93,Kuttu Roti;Paneer;Lauki Curry,313.83;398.86;411.06
Oct2024,week1,04/10/2024,Sabudana Khichdi;Fruit Salad;Kuttu Puri,81.71;81.74;88.94,Samak Rice;Kaddu Curry;Aloo Jeera,382.97;365.96;268.75,Kuttu Roti;Paneer;Lauki Curry,376.15;336.83;366.08
Oct2024,week1,05/10/2024,Sabudana Khichdi;Fruit Salad;Kuttu Puri,107.28;102.24;113.02,Samak Rice;Kaddu Curry;Aloo Jeera,417.84;404.35;266.50,Kuttu Roti;Paneer;Lauki Curry,430.89;404.42;510.98
Oct2024,week1,06/10/2024,Sabudana Khichdi;Fruit Salad;Kuttu Puri,108.22;82.54;110.76,Samak Rice;Kaddu Curry;Aloo Jeera,409.09;407.94;298.21,Kuttu Roti;Paneer;Lauki Curry,392.74;473.33;413.08
Oct2024,week1,07/10/2024,Sabudana Khichdi;Fruit Salad;Kuttu Puri,81.29;79.50;112.47,Samak Rice;Kaddu Curry;Aloo Jeera,357.26;387.35;308.26,Kuttu Roti;Paneer;Lauki Curry,411.35;380.01;397.91
Oct2024,week2,08/10/2024,Sabudana Khichdi;Fruit Salad;Kuttu Puri,92.60;83.49;112.66,Samak Rice;Kaddu Curry;Aloo Jeera,385.68;351.47;283.87,Kuttu Roti;Paneer;Lauki Curry,346.87;404.19;457.61
Oct2024,week2,09/10/2024,Sabudana Khichdi;Fruit Salad;Kuttu Puri,87.36;83.44;92.02,Samak Rice;Kaddu Curry;Aloo Jeera,373.54;317.31;294.97,Kuttu Roti;Paneer;Lauki Curry,425.28;405.23;344.62
Oct2024,week2,10/10/2024,Sabudana Khichdi;Fruit Salad;Kuttu Puri,94.88;79.51;103.20,Samak Rice;Kaddu Curry;Aloo Jeera,362.10;311.80;276.88,Kuttu Roti;Paneer;Lauki Curry,405.87;350.60;361.95
Oct2024,week2,11/10/2024,Sabudana Khichdi;Fruit Salad;Kuttu Puri,73.12;86.89;90.78,Samak Rice;Kaddu Curry;Aloo Jeera,350.64;346.31;259.03,Kuttu Roti;Paneer;Lauki Curry,375.75;418.90;358.23
Oct2024,week2,12/10/2024,Besan Chilla;Medu Vada;Daliya,84.97;75.99;93.28,Dal Tadka;Biryani;Steamed Rice,300.05;309.77;247.86,Dal Makhani;Tawa Vegetables;Tandoori Roti,345.53;359.59;348.15
Oct2024,week2,13/10/2024,Onion Dosa;Plain Dosa;Rava Idli,80.99;70.04;86.94,Steamed Rice;Shahi Paneer;Tomato Rice,326.56;350.88;237.90,Veg Jalfrezi;Tandoori Roti;Laccha Paratha,316.80;324.41;297.85
Oct2024,week2,14/10/2024,Vermicelli Upma;Rava Idli;Chole Puri,72.07;69.26;85.58,Toor Dal;Chana Dal;Jeera Rice,275.62;261.49;184.80,Tawa Roti;Missi Roti;Gobhi Masala,274.88;294.55;311.89
Oct2024,week3,15/10/2024,Aloo Paratha;Methi Paratha;Paneer Paratha,66.64;69.46;74.24,Tomato Rice;Rajma;Coconut Rice,261.86;211.23;213.45,Garlic Naan;Aloo Jeera;Tandoori Roti,350.90;273.83;253.71
Oct2024,week3,16/10/2024,Mixed Paratha;Besan Chilla;Pav Bhaji,73.77;70.55;78.50,Toor Dal;Curd Rice;Masoor Dal,251.97;242.36;216.67,Rumali Roti;Mixed Veg Curry;Veg Kolhapuri,300.52;269.49;294.99
Oct2024,week3,17/10/2024,Poha;Onion Dosa;Puri Bhaji,85.25;53.31;75.41,Coconut Rice;Dal Fry;Moong Dal,253.18;250.00;211.67,Paneer Tikka Masala;Gobhi Masala;Paneer Do Pyaza,299.63;299.61;264.42
Oct2024,week3,18/10/2024,Onion Dosa;Pav Bhaji;Masala Dosa,78.19;70.21;81.47,Shahi Paneer;Steamed Rice;Aloo Matar,268.51;254.80;198.60,Gobhi Masala;Paneer Do Pyaza;Veg Kolhapuri,317.33;276.55;305.97
Oct2024,week3,19/10/2024,Sabudana Khichdi;Masala Dosa;Pav Bhaji,86.18;74.43;77.19,Dal Tadka;Veg Pulao;Steamed Rice,316.06;335.60;236.67,Kadai Paneer;Rumali Roti;Paneer Tikka Masala,267.40;380.36;335.06
Oct2024,week3,20/10/2024,Aloo Paratha;Mixed Paratha;Rava Dosa,83.86;78.75;97.83,Rajma;Toor Dal;Tomato Rice,310.35;270.60;254.59,Butter Naan;Malai Kofta;Gobi Manchurian,349.36;335.59;378.29
Oct2024,week3,21/10/2024,Upma;Besan Chilla;Vermicelli Upma,68.64;63.71;64.84,Aloo Matar;Dal Makhani;Chana Dal,296.99;294.35;206.44,Veg Kolhapuri;Paneer Butter Masala;Rumali Roti,292.82;277.12;302.51
Oct2024,week4,22/10/2024,Masala Dosa;Uttapam;Plain Dosa,72.66;58.90;75.78,Bhindi Masala;Tomato Rice;Steamed Rice,274.42;262.79;200.77,Tandoori Roti;Bhindi Fry;Dal Makhani,267.61;303.14;244.20
Oct2024,week4,23/10/2024,Poha;Uttapam;Besan Chilla,69.27;69.84;76.15,Tomato Rice;Aloo Matar;Matar Paneer,245.43;274.94;207.40,Mushroom Masala;Paneer Butter Masala;Paneer Tikka Masala,276.53;272.02;342.50
Oct2024,week4,24/10/2024,Uttapam;Sabudana Khichdi;Pav Bhaji,61.99;73.77;82.59,Biryani;Steamed Rice;Lemon Rice,275.75;285.23;237.97,Veg Jalfrezi;Tandoori Roti;Tawa Roti,327.35;309.86;288.72
Oct2024,week4,25/10/2024,Vermicelli Upma;Upma;Samosa,64.90;57.97;71.30,Aloo Gobi;Biryani;Toor Dal,314.65;313.32;202.19,Bhindi Do Pyaza;Veg Jalfrezi;Bhindi Fry,266.36;344.35;337.72
Oct2024,week4,26/10/2024,Special Poha;Mixed Pakoras;Methi Puri,106.96;106.12;104.56,Veg Biryani;Paneer Makhani;Special Dal,475.49;386.86;300.49,Masala Puri;Malai Kofta;Shahi Paneer,501.16;389.87;384.79
Oct2024,week4,27/10/2024,Special Poha;Mixed Pakoras;Methi Puri,100.44;98.95;103.08,Veg Biryani;Paneer Makhani;Special Dal,340.74;405.57;340.89,Masala Puri;Malai Kofta;Shahi Paneer,470.24;427.12;485.67
Oct2024,week4,28/10/2024,Special Poha;Mixed Pakoras;Methi Puri,89.79;80.21;104.73,Veg Biryani;Paneer Makhani;Special Dal,297.37;303.32;326.64,Masala Puri;Malai Kofta;Shahi Paneer,370.03;370.81;335.60
Oct2024,week5,29/10/2024,Special Poha;Mixed Pakoras;Methi Puri,89.70;99.08;88.64,Veg Biryani;Paneer Makhani;Special Dal,367.58;374.51;255.99,Masala Puri;Malai Kofta;Shahi Paneer,434.01;403.89;364.53
Oct2024,week5,30/10/2024,Special Poha;Mixed Pakoras;Methi Puri,83.05;71.02;98.18,Veg Biryani;Paneer Makhani;Special Dal,369.06;365.16;262.21,Masala Puri;Malai Kofta;Shahi Paneer,402.92;419.35;397.09
Oct2024,week5,31/10/2024,Special Poha;Mixed Pakoras;Methi Puri,90.56;80.21;105.83,Veg Biryani;Paneer Makhani;Special Dal,309.99;311.48;286.15,Masala Puri;Malai Kofta;Shahi Paneer,363.26;367.20;419.22
Nov2024,week1,01/11/2024,Special Poha;Mixed Pakoras;Methi Puri,91.11;84.66;108.87,Veg Biryani;Paneer Makhani;Special Dal,323.91;342.75;285.11,Masala Puri;Malai Kofta;Shahi Paneer,366.39;372.71;399.79
Nov2024,week1,02/11/2024,Special Poha;Mixed Pakoras;Methi Puri,107.77;104.65;100.85,Veg Biryani;Paneer Makhani;Special Dal,433.49;407.49;298.58,Masala Puri;Malai Kofta;Shahi Paneer,451.99;483.45;497.14
Nov2024,week1,03/11/2024,Special Poha;Mixed Pakoras;Methi Puri,109.40;92.23;103.80,Veg Biryani;Paneer Makhani;Special Dal,396.89;374.06;367.14,Masala Puri;Malai Kofta;Shahi Paneer,416.61;531.06;456.70
Nov2024,week1,04/11/2024,Mixed Paratha;Aloo Paratha;Methi Paratha,74.73;57.82;80.03,Bhindi Masala;Veg Pulao;Kadhi Pakora,247.95;276.84;215.31,Bhindi Fry;Mushroom Masala;Veg Jalfrezi,306.34;317.31;336.23
Nov2024,week1,05/11/2024,Bread Pakora;Paneer Paratha;Vada Pav,67.78;56.43;67.83,Panchmel Dal;Rajma;Bhindi Masala,255.83;262.12;202.02,Mushroom Masala;Tawa Vegetables;Missi Roti,292.18;346.94;298.82
Nov2024,week1,06/11/2024,Paneer Paratha;Samosa;Uttapam,77.76;61.15;79.46,Dal Makhani;Palak Paneer;Aloo Matar,272.24;255.45;193.46,Gobi Manchurian;Veg Jalfrezi;Tawa Vegetables,256.39;288.21;289.05
Nov2024,week1,07/11/2024,Rava Dosa;Rava Idli;Chole Puri,79.29;59.44;81.22,Aloo Gobi;Kadhi Pakora;Baingan Bharta,251.42;220.22;211.57,Chana Masala;Laccha Paratha;Kadai Paneer,329.86;269.05;270.60
Nov2024,week2,08/11/2024,Rava Idli;Pav Bhaji;Aloo Paratha,68.25;62.21;79.94,Steamed Rice;Dal Tadka;Coconut Rice,281.34;219.27;254.91,Paneer Tikka Masala;Garlic Naan;Bhindi Do Pyaza,338.23;292.86;274.30
Nov2024,week2,09/11/2024,Poha;Samosa;Medu Vada,65.95;75.82;81.06,Tomato Rice;Shahi Paneer;Bhindi Masala,313.00;273.65;234.63,Jeera Aloo;Missi Roti;Paneer Do Pyaza,371.22;353.09;371.66
Nov2024,week2,10/11/2024,Vada Pav;Upma;Aloo Paratha,70.08;69.76;76.19,Mix Veg Curry;Rajma;Curd Rice,337.62;283.98;238.56,Tandoori Roti;Aloo Methi;Chana Masala,317.25;304.19;364.93
Nov2024,week2,11/11/2024,Upma;Vada Pav;Masala Dosa,66.08;63.71;76.33,Curd Rice;Biryani;Baingan Bharta,273.35;248.07;231.44,Missi Roti;Tawa Vegetables;Jeera Aloo,307.42;239.25;326.06
Nov2024,week2,12/11/2024,Rava Idli;Daliya;Rava Dosa,78.00;73.68;73.19,Masoor Dal;Dal Makhani;Matar Paneer,243.93;243.01;219.12,Jeera Aloo;Aloo Jeera;Bhindi Do Pyaza,273.65;291.99;315.29
Nov2024,week2,13/11/2024,Poha;Uttapam;Methi Paratha,67.23;57.77;61.08,Curd Rice;Lauki Kofta;Jeera Rice,256.03;297.41;222.43,Paneer Tikka Masala;Paneer Do Pyaza;Garlic Naan,314.29;281.68;274.25
Nov2024,week2,14/11/2024,Upma;Aloo Paratha;Vada Pav,64.53;67.39;65.79,Coconut Rice;Panchmel Dal;Mix Veg Curry,254.91;238.94;212.34,Gobi Manchurian;Tawa Vegetables;Aloo Jeera,310.10;321.03;348.56
Nov2024,week3,15/11/2024,Upma;Aloo Paratha;Bread Pakora,66.38;60.42;71.94,Dal Fry;Veg Pulao;Baingan Bharta,247.85;271.67;222.60,Bhindi Fry;Gobi Manchurian;Tawa Vegetables,299.09;297.04;293.91
Nov2024,week3,16/11/2024,Aloo Paratha;Mixed Paratha;Gobi Paratha,74.27;78.74;97.23,Chana Dal;Biryani;Baingan Bharta,348.97;335.83;285.26,Malai Kofta;Dal Makhani;Aloo Methi,358.71;367.83;349.77
Nov2024,week3,17/11/2024,Puri Bhaji;Pav Bhaji;Vermicelli Upma,83.54;81.76;82.78,Aloo Gobi;Kadhi Pakora;Chana Dal,337.27;257.28;210.71,Paneer Tikka Masala;Paneer Do Pyaza;Aloo Methi,323.19;289.47;290.95
Nov2024,week3,18/11/2024,Mixed Paratha;Bread Pakora;Vermicelli Upma,74.34;69.67;77.59,Coconut Rice;Baingan Bharta;Veg Pulao,271.33;257.00;215.55,Chana Masala;Veg Kolhapuri;Laccha Paratha,288.87;330.77;334.11
Nov2024,week3,19/11/2024,Masala Dosa;Chole Bhature;Uttapam,71.08;68.76;82.30,Kadhi Pakora;Dal Makhani;Coconut Rice,264.68;262.17;226.35,Tawa Roti;Dal Makhani;Paneer Do Pyaza,301.89;271.95;313.32
Nov2024,week3,20/11/2024,Masala Dosa;Vada Pav;Samosa,62.37;56.68;76.43,Jeera Rice;Bhindi Masala;Veg Pulao,263.62;257.37;239.61,Missi Roti;Paneer Lababdar;Paneer Butter Masala,301.56;294.45;276.31
Nov2024,week3,21/11/2024,Pav Bhaji;Daliya;Uttapam,72.89;57.38;75.09,Mix Veg Curry;Kadhi Pakora;Coconut Rice,276.22;238.92;185.03,Tandoori Roti;Paneer Lababdar;Veg Kolhapuri,314.72;287.78;270.57
Nov2024,week4,22/11/2024,Upma;Puri Bhaji;Methi Paratha,73.16;66.54;80.21,Aloo Matar;Veg Kofta Curry;Dal Makhani,234.31;237.11;265.21,Mixed Veg Curry;Gobhi Masala;Bhindi Fry,292.46;306.10;284.11
Nov2024,week4,23/11/2024,Vermicelli Upma;Mixed Paratha;Aloo Paratha,79.19;71.36;97.66,Lemon Rice;Biryani;Chana Dal,350.98;272.38;250.21,Tandoori Roti;Tawa Roti;Rumali Roti,353.88;354.17;369.08
Nov2024,week4,24/11/2024,Chole Bhature;Rava Idli;Sabudana Khichdi,81.50;72.12;101.61,Palak Paneer;Dal Makhani;Matar Paneer,322.22;303.40;219.83,Dal Makhani;Missi Roti;Malai Kofta,322.00;309.05;326.98
Nov2024,week4,25/11/2024,Paneer Paratha;Semiya Upma;Pav Bhaji,79.64;71.28;82.57,Steamed Rice;Toor Dal;Dal Tadka,258.00;287.99;246.37,Veg Jalfrezi;Tawa Roti;Tandoori Roti,289.71;328.85;296.20
Nov2024,week4,26/11/2024,Methi Paratha;Bread Pakora;Semiya Upma,81.63;60.51;75.04,Chole;Aloo Matar;Masoor Dal,291.97;277.95;210.07,Paneer Do Pyaza;Rumali Roti;Paneer Lababdar,308.41;291.89;337.71
Nov2024,week4,27/11/2024,Daliya;Rava Idli;Besan Chilla,73.03;65.33;64.41,Jeera Rice;Masoor Dal;Bhindi Masala,270.64;216.67;185.50,Aloo Methi;Kadai Paneer;Jeera Aloo,303.80;308.27;293.46
Nov2024,week4,28/11/2024,Semiya Upma;Puri Bhaji;Upma,67.34;64.48;75.20,Panchmel Dal;Lemon Rice;Veg Pulao,308.98;247.31;185.66,Missi Roti;Gobhi Masala;Paneer Tikka Masala,303.94;250.10;289.28
Nov2024,week5,29/11/2024,Chole Puri;Rava Idli;Vada Pav,75.94;57.00;77.72,Dal Tadka;Curd Rice;Shahi Paneer,283.08;234.68;243.81,Veg Kolhapuri;Bhindi Fry;Gobi Manchurian,270.73;302.84;291.87
Nov2024,week5,30/11/2024,Rava Idli;Mixed Paratha;Bread Pakora,82.18;78.09;97.86,Jeera Rice;Curd Rice;Baingan Bharta,323.19;274.91;204.47,Aloo Methi;Aloo Jeera;Paneer Lababdar,357.28;387.91;318.56
Dec2024,week1,01/12/2024,Vermicelli Upma;Masala Dosa;Idli,76.53;58.93;74.17,Chana Dal;Veg Pulao;Chole,299.83;321.28;232.76,Kadai Paneer;Aloo Jeera;Paneer Tikka Masala,331.64;283.03;360.63
Dec2024,week1,02/12/2024,Sabudana Khichdi;Rava Idli;Besan Chilla,67.78;64.77;82.27,Moong Dal;Jeera Rice;Chole,224.11;238.84;192.43,Tawa Vegetables;Veg Kolhapuri;Paneer Do Pyaza,323.98;275.07;289.21
Dec2024,week1,03/12/2024,Semiya Upma;Chole Bhature;Pav Bhaji,71.69;64.48;72.32,Masoor Dal;Baingan Bharta;Aloo Gobi,273.34;273.63;199.53,Tawa Roti;Paneer Lababdar;Veg Kolhapuri,286.00;268.09;285.02
Dec2024,week1,04/12/2024,Chole Puri;Puri Bhaji;Upma,68.46;60.79;75.62,Mix Veg Curry;Coconut Rice;Baingan Bharta,272.49;243.67;206.94,Tandoori Roti;Tawa Roti;Rumali Roti,291.93;333.53;289.35
Dec2024,week1,05/12/2024,Chole Bhature;Methi Paratha;Rava Idli,73.98;59.85;78.43,Baingan Bharta;Tomato Rice;Palak Paneer,242.77;271.99;199.44,Jeera Aloo;Paneer Butter Masala;Veg Jalfrezi,315.74;275.77;290.48
Dec2024,week1,06/12/2024,Vermicelli Upma;Rava Dosa;Besan Chilla,79.62;57.88;81.15,Chana Dal;Lemon Rice;Lauki Kofta,281.40;265.99;209.71,Mushroom Masala;Kadai Paneer;Paneer Do Pyaza,276.90;316.42;312.23
Dec2024,week1,07/12/2024,Daliya;Masala Dosa;Besan Chilla,93.25;75.02;103.03,Lauki Kofta;Shahi Paneer;Aloo Gobi,291.08;317.19;269.48,Bhindi Do Pyaza;Tawa Vegetables;Gobi Manchurian,299.13;324.37;335.71
Dec2024,week2,08/12/2024,Uttapam;Rava Idli;Poha,67.49;69.81;89.12,Kadhi Pakora;Dal Fry;Dal Makhani,272.63;323.34;275.75,Chana Masala;Veg Kolhapuri;Veg Jalfrezi,344.52;340.84;350.42
Dec2024,week2,09/12/2024,Pav Bhaji;Paneer Paratha;Semiya Upma,66.39;63.95;62.50,Chole;Veg Pulao;Bhindi Masala,258.75;270.60;208.14,Garlic Naan;Tandoori Roti;Paneer Lababdar,245.60;295.60;282.04
Dec2024,week2,10/12/2024,Vermicelli Upma;Pav Bhaji;Rava Idli,66.64;56.57;77.85,Biryani;Coconut Rice;Kadhi Pakora,303.60;245.95;233.27,Rumali Roti;Bhindi Fry;Paneer Do Pyaza,359.10;318.56;316.77
Dec2024,week2,11/12/2024,Daliya;Pav Bhaji;Chole Puri,63.00;74.12;68.85,Bhindi Masala;Curd Rice;Jeera Rice,255.78;204.70;204.85,Bhindi Fry;Gobi Manchurian;Rumali Roti,292.68;299.48;269.19
Dec2024,week2,12/12/2024,Paneer Paratha;Mixed Paratha;Bread Pakora,60.10;69.31;76.71,Curd Rice;Aloo Matar;Dal Fry,278.36;249.17;209.50,Bhindi Do Pyaza;Aloo Jeera;Laccha Paratha,322.81;252.34;293.84
Dec2024,week2,13/12/2024,Plain Dosa;Poha;Methi Paratha,62.37;62.76;67.11,Lauki Kofta;Coconut Rice;Rajma,260.23;265.87;220.04,Aloo Jeera;Garlic Naan;Paneer Do Pyaza,297.27;245.31;331.45
Dec2024,week2,14/12/2024,Samosa;Gobi Paratha;Upma,78.60;66.78;89.63,Moong Dal;Dal Makhani;Mix Veg Curry,346.57;287.96;255.54,Gobi Manchurian;Tawa Roti;Aloo Jeera,302.83;324.68;367.08
Dec2024,week3,15/12/2024,Plain Dosa;Chole Bhature;Daliya,91.96;83.92;90.48,Dal Tadka;Veg Kofta Curry;Lemon Rice,323.40;347.24;244.72,Aloo Jeera;Rumali Roti;Mixed Veg Curry,359.34;366.32;349.76
Dec2024,week3,16/12/2024,Sabudana Khichdi;Bread Pakora;Daliya,60.97;75.38;69.79,Rajma;Dal Makhani;Shahi Paneer,239.77;283.03;211.43,Aloo Jeera;Garlic Naan;Paneer Tikka Masala,315.72;283.42;287.39
Dec2024,week3,17/12/2024,Methi Paratha;Rava Idli;Upma,66.83;59.08;77.82,Lauki Kofta;Bhindi Masala;Kadhi Pakora,289.94;245.69;244.16,Paneer Do Pyaza;Gobhi Masala;Paneer Butter Masala,331.54;326.23;279.45
Dec2024,week3,18/12/2024,Gobi Paratha;Puri Bhaji;Poha,81.70;59.69;76.45,Matar Paneer;Bhindi Masala;Dal Makhani,314.00;259.97;210.72,Paneer Butter Masala;Veg Kolhapuri;Tawa Vegetables,342.21;292.69;301.50
Dec2024,week3,19/12/2024,Idli;Uttapam;Gobi Paratha,76.39;66.64;76.00,Kadhi Pakora;Tomato Rice;Steamed Rice,233.04;238.37;238.25,Gobi Manchurian;Veg Jalfrezi;Malai Kofta,321.79;285.83;293.84
Dec2024,week3,20/12/2024,Upma;Vermicelli Upma;Gobi Paratha,73.79;54.39;80.19,Toor Dal;Moong Dal;Masoor Dal,255.12;263.73;184.18,Gobi Manchurian;Laccha Paratha;Aloo Jeera,329.60;299.20;273.77
Dec2024,week3,21/12/2024,Medu Vada;Semiya Upma;Uttapam,75.52;64.94;91.68,Bhindi Masala;Moong Dal;Baingan Bharta,293.46;314.39;206.18,Veg Kolhapuri;Tandoori Roti;Tawa Vegetables,376.70;326.32;380.36
Dec2024,week4,22/12/2024,Plum Cake;Fruit Cake;Special Upma,92.85;94.52;86.76,Veg Pulao;Special Curry;Paneer Butter Masala,337.86;393.89;328.92,Butter Naan;Special Gravy;Mixed Vegetables,426.67;404.51;461.73
Dec2024,week4,23/12/2024,Plum Cake;Fruit Cake;Special Upma,97.17;86.26;89.49,Veg Pulao;Special Curry;Paneer Butter Masala,358.20;381.80;271.85,Butter Naan;Special Gravy;Mixed Vegetables,410.46;414.92;392.72
Dec2024,week4,24/12/2024,Plum Cake;Fruit Cake;Special Upma,86.83;87.34;94.64,Veg Pulao;Special Curry;Paneer Butter Masala,380.16;357.24;239.29,Butter Naan;Special Gravy;Mixed Vegetables,438.40;441.30;429.96
Dec2024,week4,25/12/2024,Plum Cake;Fruit Cake;Special Upma,95.98;69.88;91.83,Veg Pulao;Special Curry;Paneer Butter Masala,387.19;352.28;279.86,Butter Naan;Special Gravy;Mixed Vegetables,376.35;380.13;403.85
Dec2024,week4,26/12/2024,Plum Cake;Fruit Cake;Special Upma,89.13;81.96;90.81,Veg Pulao;Special Curry;Paneer Butter Masala,341.94;274.41;241.53,Butter Naan;Special Gravy;Mixed Vegetables,375.20;387.41;367.69
Dec2024,week4,27/12/2024,Plum Cake;Fruit Cake;Special Upma,84.90;82.16;99.95,Veg Pulao;Special Curry;Paneer Butter Masala,363.16;396.66;267.60,Butter Naan;Special Gravy;Mixed Vegetables,412.20;399.16;421.49
Dec2024,week4,28/12/2024,Plum Cake;Fruit Cake;Special Upma,101.43;118.85;107.76,Veg Pulao;Special Curry;Paneer Butter Masala,407.25;436.75;308.27,Butter Naan;Special Gravy;Mixed Vegetables,414.58;428.19;382.93
Dec2024,week5,29/12/2024,Plum Cake;Fruit Cake;Special Upma,104.09;103.37;96.81,Veg Pulao;Special Curry;Paneer Butter Masala,350.18;393.90;351.25,Butter Naan;Special Gravy;Mixed Vegetables,408.25;431.18;460.47
Dec2024,week5,30/12/2024,Plum Cake;Fruit Cake;Special Upma,79.81;79.14;95.71,Veg Pulao;Special Curry;Paneer Butter Masala,334.25;355.61;280.92,Butter Naan;Special Gravy;Mixed Vegetables,419.67;356.19;450.89
Dec2024,week5,31/12/2024,Plum Cake;Fruit Cake;Special Upma,94.72;76.89;90.36,Veg Pulao;Special Curry;Paneer Butter Masala,303.78;311.09;270.93,Butter Naan;Special Gravy;Mixed Vegetables,435.27;378.07;377.55
Jan2025,week1,01/01/2025,Plain Dosa;Upma;Medu Vada,84.01;77.23;93.26,Dal Makhani;Lemon Rice;Palak Paneer,355.20;338.65;282.62,Kadai Paneer;Paneer Butter Masala;Aloo Methi,363.16;348.31;380.38
Jan2025,week1,02/01/2025,Samosa;Besan Chilla;Puri Bhaji,92.95;88.03;119.35,Jeera Rice;Shahi Paneer;Veg Kofta Curry,319.10;296.98;252.97,Mixed Veg Curry;Jeera Aloo;Butter Naan,344.27;341.02;370.53
Jan2025,week1,03/01/2025,Uttapam;Gobi Paratha;Samosa,84.65;97.60;82.47,Kadhi Pakora;Mix Veg Curry;Coconut Rice,347.29;437.34;283.17,Paneer Lababdar;Chana Masala;Tawa Vegetables,398.34;321.57;435.12
Jan2025,week1,04/01/2025,Uttapam;Masala Dosa;Aloo Paratha,116.55;105.35;118.72,Aloo Matar;Masoor Dal;Biryani,353.75;408.29;309.59,Paneer Lababdar;Aloo Jeera;Kadai Paneer,462.72;475.65;453.24
Jan2025,week1,05/01/2025,Idli;Poha;Rava Idli,104.69;113.81;110.04,Palak Paneer;Coconut Rice;Dal Makhani,397.26;382.29;318.60,Butter Naan;Dal Makhani;Tandoori Roti,429.48;365.47;399.95
Jan2025,week1,06/01/2025,Upma;Vada Pav;Gobi Paratha,92.73;83.20;97.82,Dal Tadka;Tomato Rice;Matar Paneer,316.44;355.34;323.83,Butter Naan;Paneer Lababdar;Aloo Jeera,380.54;392.25;366.93
Jan2025,week1,07/01/2025,Sabudana Khichdi;Vada Pav;Semiya Upma,105.73;77.44;95.45,Masoor Dal;Aloo Gobi;Rajma,333.34;371.42;255.12,Dal Makhani;Paneer Do Pyaza;Mixed Veg Curry,364.89;366.90;398.74
Jan2025,week2,08/01/2025,Aloo Paratha;Paneer Paratha;Daliya,65.25;58.98;73.21,Jeera Rice;Shahi Paneer;Moong Dal,270.72;257.96;200.92,Paneer Do Pyaza;Laccha Paratha;Tawa Vegetables,317.66;280.95;255.58
Jan2025,week2,09/01/2025,Semiya Upma;Rava Dosa;Paneer Paratha,71.61;71.59;70.97,Lauki Kofta;Masoor Dal;Veg Kofta Curry,268.54;274.82;203.74,Paneer Do Pyaza;Mushroom Masala;Garlic Naan,340.68;288.21;263.27
Jan2025,week2,10/01/2025,Puri Bhaji;Bread Pakora;Gobi Paratha,69.47;54.82;67.89,Palak Paneer;Shahi Paneer;Dal Tadka,263.63;241.16;190.22,Paneer Do Pyaza;Malai Kofta;Paneer Lababdar,327.37;319.01;353.90
Jan2025,week2,11/01/2025,Gobi Paratha;Methi Paratha;Vermicelli Upma,88.07;76.61;77.13,Dal Makhani;Veg Kofta Curry;Kadhi Pakora,278.79;278.73;242.97,Gobhi Masala;Tandoori Roti;Rumali Roti,334.33;319.93;390.36
Jan2025,week2,12/01/2025,Mixed Paratha;Pav Bhaji;Methi Paratha,86.78;68.04;88.39,Veg Pulao;Kadhi Pakora;Dal Makhani,303.47;302.73;289.86,Tandoori Roti;Paneer Lababdar;Gobhi Masala,321.34;310.53;336.39
Jan2025,week2,13/01/2025,Pav Bhaji;Samosa;Sabudana Khichdi,80.84;68.90;72.19,Masoor Dal;Curd Rice;Rajma,262.21;253.58;193.50,Paneer Lababdar;Tawa Roti;Jeera Aloo,331.12;300.31;332.15
Jan2025,week2,14/01/2025,Plain Dosa;Sabudana Khichdi;Vermicelli Upma,58.53;54.21;62.24,Mix Veg Curry;Toor Dal;Rajma,268.26;289.80;221.83,Paneer Tikka Masala;Butter Naan;Gobhi Masala,334.69;266.26;332.76
Jan2025,week3,15/01/2025,Pav Bhaji;Sabudana Khichdi;Methi Paratha,67.81;63.30;69.19,Panchmel Dal;Veg Pulao;Dal Fry,267.58;253.39;237.45,Veg Jalfrezi;Paneer Lababdar;Paneer Tikka Masala,328.36;270.33;283.85
Jan2025,week3,16/01/2025,Poha;Aloo Paratha;Semiya Upma,60.26;64.18;76.48,Matar Paneer;Bhindi Masala;Tomato Rice,300.82;258.91;196.68,Mixed Veg Curry;Aloo Methi;Gobhi Masala,314.88;317.20;312.28
Jan2025,week3,17/01/2025,Chole Bhature;Pav Bhaji;Methi Paratha,72.75;66.91;70.07,Shahi Paneer;Lemon Rice;Dal Tadka,277.56;214.56;206.41,Bhindi Do Pyaza;Malai Kofta;Gobhi Masala,327.76;251.03;303.24
Jan2025,week3,18/01/2025,Plain Dosa;Rava Idli;Methi Paratha,76.64;69.38;92.59,Aloo Matar;Kadhi Pakora;Palak Paneer,320.20;286.80;219.28,Kadai Paneer;Dal Makhani;Aloo Jeera,360.84;306.64;331.64
Jan2025,week3,19/01/2025,Masala Dosa;Gobi Paratha;Methi Paratha,83.44;73.73;95.01,Aloo Gobi;Dal Makhani;Veg Pulao,343.60;308.12;228.21,Missi Roti;Gobi Manchurian;Veg Kolhapuri,400.00;344.68;319.65
Jan2025,week3,20/01/2025,Bread Pakora;Vada Pav;Chole Bhature,76.92;72.57;77.15,Panchmel Dal;Rajma;Moong Dal,276.01;265.25;200.55,Bhindi Fry;Chana Masala;Aloo Methi,269.17;300.14;312.91
Jan2025,week3,21/01/2025,Samosa;Rava Idli;Pav Bhaji,67.88;63.72;66.67,Tomato Rice;Panchmel Dal;Coconut Rice,235.22;286.77;216.08,Garlic Naan;Jeera Aloo;Tawa Vegetables,279.79;302.61;319.30
Jan2025,week4,22/01/2025,Pav Bhaji;Gobi Paratha;Plain Dosa,82.79;67.79;76.35,Chana Dal;Kadhi Pakora;Aloo Matar,250.01;242.05;236.80,Kadai Paneer;Tawa Vegetables;Gobi Manchurian,302.24;291.18;323.46
Jan2025,week4,23/01/2025,Vada Pav;Uttapam;Pav Bhaji,73.06;58.70;91.09,Curd Rice;Lauki Kofta;Veg Pulao,276.87;251.04;240.16,Paneer Butter Masala;Veg Kolhapuri;Chana Masala,356.23;303.51;280.21
Jan2025,week4,24/01/2025,Vada Pav;Plain Dosa;Upma,68.75;65.41;73.47,Matar Paneer;Lemon Rice;Lauki Kofta,264.34;255.16;189.58,Chana Masala;Laccha Paratha;Paneer Do Pyaza,297.13;283.50;256.15
Jan2025,week4,25/01/2025,Semiya Upma;Vada Pav;Methi Paratha,87.88;86.84;86.10,Veg Pulao;Baingan Bharta;Biryani,290.36;296.97;245.85,Paneer Tikka Masala;Paneer Butter Masala;Kadai Paneer,337.93;341.63;341.59
Jan2025,week4,26/01/2025,Semiya Upma;Masala Dosa;Pav Bhaji,82.09;70.61;84.57,Bhindi Masala;Veg Pulao;Kadhi Pakora,325.05;348.10;269.28,Butter Naan;Jeera Aloo;Missi Roti,350.25;336.11;252.39
Jan2025,week4,27/01/2025,Vermicelli Upma;Masala Dosa;Pav Bhaji,72.39;65.05;72.95,Lemon Rice;Veg Kofta Curry;Lauki Kofta,299.18;254.16;192.99,Bhindi Fry;Dal Makhani;Gobhi Masala,267.54;225.05;290.79
Jan2025,week4,28/01/2025,Onion Dosa;Vermicelli Upma;Masala Dosa,76.60;59.66;66.07,Matar Paneer;Lemon Rice;Rajma,224.30;292.29;202.02,Bhindi Fry;Veg Jalfrezi;Paneer Do Pyaza,272.20;268.22;260.16
Jan2025,week5,29/01/2025,Gobi Paratha;Daliya;Samosa,72.99;68.59;74.64,Dal Fry;Coconut Rice;Matar Paneer,275.42;268.64;248.25,Chana Masala;Malai Kofta;Veg Jalfrezi,264.17;253.73;320.33
Jan2025,week5,30/01/2025,Besan Chilla;Masala Dosa;Methi Paratha,60.46;58.35;77.16,Aloo Gobi;Curd Rice;Coconut Rice,263.99;306.19;212.52,Mixed Veg Curry;Tawa Vegetables;Mushroom Masala,303.15;258.38;338.35
Jan2025,week5,31/01/2025,Samosa;Onion Dosa;Paneer Paratha,67.39;62.11;75.39,Dal Fry;Veg Pulao;Tomato Rice,286.30;298.51;207.84,Mushroom Masala;Laccha Paratha;Chana Masala,322.54;286.67;280.32
Feb2025,week1,01/02/2025,Plain Dosa;Pav Bhaji;Daliya,72.00;61.21;96.74,Curd Rice;Veg Kofta Curry;Lemon Rice,288.50;300.93;223.72,Aloo Methi;Chana Masala;Bhindi Fry,348.71;308.18;367.88
Feb2025,week1,02/02/2025,Puri Bhaji;Upma;Rava Idli,73.69;82.33;94.62,Dal Fry;Moong Dal;Dal Makhani,337.42;279.42;238.25,Mushroom Masala;Paneer Butter Masala;Dal Makhani,294.87;304.69;332.70
Feb2025,week1,03/02/2025,Medu Vada;Paneer Paratha;Vada Pav,67.51;61.93;68.91,Jeera Rice;Toor Dal;Steamed Rice,247.59;272.75;215.24,Malai Kofta;Missi Roti;Paneer Tikka Masala,294.15;253.73;302.91
Feb2025,week1,04/02/2025,Uttapam;Chole Puri;Aloo Paratha,61.59;66.89;78.44,Steamed Rice;Jeera Rice;Aloo Gobi,286.85;237.58;189.82,Rumali Roti;Veg Kolhapuri;Mushroom Masala,286.05;294.93;280.01
Feb2025,week1,05/02/2025,Pav Bhaji;Rava Dosa;Onion Dosa,66.40;66.90;77.92,Matar Paneer;Veg Kofta Curry;Palak Paneer,274.82;248.08;180.86,Paneer Butter Masala;Aloo Methi;Paneer Lababdar,286.59;292.40;314.91
Feb2025,week1,06/02/2025,Rava Idli;Chole Puri;Pav Bhaji,74.21;76.22;80.83,Masoor Dal;Kadhi Pakora;Panchmel Dal,228.87;245.89;195.06,Paneer Tikka Masala;Aloo Jeera;Paneer Butter Masala,290.30;258.11;280.86
Feb2025,week1,07/02/2025,Pav Bhaji;Mixed Paratha;Upma,70.68;66.08;70.98,Dal Tadka;Lemon Rice;Lauki Kofta,292.38;276.49;202.62,Garlic Naan;Veg Jalfrezi;Chana Masala,273.38;277.59;322.82
Feb2025,week2,08/02/2025,Rava Idli;Masala Dosa;Uttapam,71.54;73.44;94.69,Mix Veg Curry;Veg Pulao;Panchmel Dal,307.21;309.95;230.60,Malai Kofta;Laccha Paratha;Mushroom Masala,292.04;305.19;329.38
Feb2025,week2,09/02/2025,Plain Dosa;Chole Puri;Semiya Upma,81.83;63.72;95.58,Bhindi Masala;Rajma;Moong Dal,298.08;308.61;284.61,Mushroom Masala;Rumali Roti;Mixed Veg Curry,376.46;303.88;335.80
Feb2025,week2,10/02/2025,Mixed Paratha;Chole Bhature;Vermicelli Upma,72.76;61.09;67.63,Lemon Rice;Aloo Gobi;Biryani,257.78;261.33;189.69,Paneer Lababdar;Laccha Paratha;Tawa Vegetables,277.02;301.17;282.74
Feb2025,week2,11/02/2025,Medu Vada;Upma;Besan Chilla,81.57;66.70;73.87,Biryani;Rajma;Aloo Matar,284.49;251.90;235.98,Paneer Do Pyaza;Missi Roti;Kadai Paneer,278.24;266.34;240.48
Feb2025,week2,12/02/2025,Mixed Paratha;Puri Bhaji;Sabudana Khichdi,68.45;65.48;86.43,Dal Fry;Dal Tadka;Panchmel Dal,236.76;305.13;209.33,Aloo Methi;Rumali Roti;Bhindi Fry,252.43;351.82;257.01
Feb2025,week2,13/02/2025,Rava Dosa;Idli;Bread Pakora,78.24;65.45;77.50,Steamed Rice;Biryani;Veg Pulao,274.32;239.77;179.82,Tawa Vegetables;Veg Kolhapuri;Garlic Naan,271.77;294.19;271.31
Feb2025,week2,14/02/2025,Semiya Upma;Vada Pav;Gobi Paratha,69.98;63.55;70.81,Lauki Kofta;Biryani;Kadhi Pakora,278.11;228.65;218.49,Kadai Paneer;Butter Naan;Bhindi Fry,312.27;300.33;261.01
Feb2025,week3,15/02/2025,Rava Idli;Vermicelli Upma;Uttapam,86.77;69.81;85.59,Mix Veg Curry;Dal Makhani;Dal Fry,306.70;277.48;254.22,Aloo Methi;Tawa Roti;Tawa Vegetables,290.22;363.07;347.35
Feb2025,week3,16/02/2025,Vermicelli Upma;Semiya Upma;Rava Idli,88.59;69.85;79.50,Aloo Gobi;Panchmel Dal;Curd Rice,305.32;274.62;205.60,Dal Makhani;Tandoori Roti;Bhindi Fry,321.56;348.97;381.44
Feb2025,week3,17/02/2025,Plain Dosa;Aloo Paratha;Bread Pakora,76.25;65.20;67.81,Dal Tadka;Matar Paneer;Chana Dal,307.09;258.06;213.50,Bhindi Fry;Gobhi Masala;Paneer Tikka Masala,315.87;278.34;304.96
Feb2025,week3,18/02/2025,Vermicelli Upma;Chole Bhature;Onion Dosa,71.12;63.30;65.99,Aloo Gobi;Dal Tadka;Palak Paneer,253.25;256.42;211.28,Mixed Veg Curry;Mushroom Masala;Jeera Aloo,325.58;283.19;300.79
Feb2025,week3,19/02/2025,Semiya Upma;Onion Dosa;Besan Chilla,70.47;73.48;77.16,Curd Rice;Panchmel Dal;Dal Tadka,246.46;283.53;213.38,Kadai Paneer;Dal Makhani;Aloo Jeera,304.34;249.75;302.64
Feb2025,week3,20/02/2025,Paneer Paratha;Idli;Semiya Upma,74.79;57.98;81.71,Toor Dal;Biryani;Palak Paneer,292.18;319.96;217.15,Malai Kofta;Aloo Jeera;Jeera Aloo,341.46;314.43;355.68
Feb2025,week3,21/02/2025,Medu Vada;Paneer Paratha;Plain Dosa,61.23;70.49;83.73,Aloo Gobi;Tomato Rice;Baingan Bharta,284.80;276.20;226.39,Tawa Vegetables;Gobhi Masala;Aloo Methi,281.17;257.52;307.66
Feb2025,week4,22/02/2025,Masala Dosa;Vada Pav;Medu Vada,83.14;68.86;66.25,Dal Tadka;Dal Makhani;Steamed Rice,320.45;347.72;228.41,Paneer Butter Masala;Garlic Naan;Laccha Paratha,386.24;326.02;312.85
Feb2025,week4,23/02/2025,Paneer Paratha;Medu Vada;Methi Paratha,83.39;81.87;88.01,Chole;Lauki Kofta;Veg Pulao,314.55;267.41;215.04,Dal Makhani;Bhindi Do Pyaza;Laccha Paratha,348.21;334.06;315.86
Feb2025,week4,24/02/2025,Semiya Upma;Puri Bhaji;Rava Dosa,62.33;71.41;70.39,Dal Fry;Masoor Dal;Biryani,271.73;266.64;213.69,Tawa Roti;Mushroom Masala;Laccha Paratha,263.67;290.09;290.65
Feb2025,week4,25/02/2025,Uttapam;Pav Bhaji;Aloo Paratha,64.05;67.67;68.79,Moong Dal;Veg Pulao;Kadhi Pakora,275.09;232.89;216.00,Jeera Aloo;Chana Masala;Garlic Naan,327.33;281.20;328.01
Feb2025,week4,26/02/2025,Aloo Paratha;Idli;Pav Bhaji,77.20;60.35;76.22,Palak Paneer;Mix Veg Curry;Lauki Kofta,257.93;221.08;187.05,Veg Kolhapuri;Butter Naan;Tandoori Roti,273.17;329.51;317.30
Feb2025,week4,27/02/2025,Chole Puri;Vermicelli Upma;Poha,81.96;62.39;73.43,Tomato Rice;Moong Dal;Dal Tadka,250.54;245.19;200.96,Tawa Vegetables;Chana Masala;Garlic Naan,316.55;230.36;287.55
Feb2025,week4,28/02/2025,Pav Bhaji;Samosa;Chole Bhature,72.25;64.78;77.95,Shahi Paneer;Dal Tadka;Baingan Bharta,267.13;283.28;194.19,Gobhi Masala;Paneer Do Pyaza;Paneer Lababdar,333.51;282.43;315.90
Mar2025,week1,01/03/2025,Sabudana Khichdi;Aloo Paratha;Paneer Paratha,89.30;78.86;94.84,Dal Makhani;Tomato Rice;Coconut Rice,319.99;280.37;238.13,Jeera Aloo;Aloo Methi;Paneer Do Pyaza,352.41;342.60;374.22
Mar2025,week1,02/03/2025,Medu Vada;Samosa;Idli,87.87;71.72;89.46,Curd Rice;Lauki Kofta;Panchmel Dal,295.84;288.27;260.83,Tawa Roti;Veg Jalfrezi;Mixed Veg Curry,306.91;314.54;321.38
Mar2025,week1,03/03/2025,Rava Dosa;Bread Pakora;Aloo Paratha,64.84;65.96;82.62,Chole;Bhindi Masala;Dal Makhani,303.29;240.97;208.83,Dal Makhani;Missi Roti;Bhindi Do Pyaza,308.57;313.46;317.42
Mar2025,week1,04/03/2025,Daliya;Aloo Paratha;Onion Dosa,74.91;72.90;70.05,Toor Dal;Coconut Rice;Lauki Kofta,258.50;248.15;215.93,Malai Kofta;Butter Naan;Aloo Methi,324.38;277.84;290.17
Mar2025,week1,05/03/2025,Puri Bhaji;Upma;Chole Bhature,73.80;59.77;83.14,Tomato Rice;Bhindi Masala;Chole,327.60;247.85;190.00,Paneer Do Pyaza;Mushroom Masala;Bhindi Do Pyaza,282.10;272.93;298.36
Mar2025,week1,06/03/2025,Gobi Paratha;Onion Dosa;Plain Dosa,64.92;64.00;70.00,Masoor Dal;Biryani;Matar Paneer,257.26;232.65;183.20,Missi Roti;Chana Masala;Rumali Roti,314.26;334.83;285.76
Mar2025,week1,07/03/2025,Chole Puri;Samosa;Pav Bhaji,77.18;77.95;62.42,Steamed Rice;Veg Kofta Curry;Bhindi Masala,261.64;232.45;201.16,Rumali Roti;Jeera Aloo;Gobhi Masala,301.13;354.39;302.02
Mar2025,week2,08/03/2025,Methi Paratha;Masala Dosa;Upma,82.82;71.68;82.93,Chole;Coconut Rice;Matar Paneer,326.75;280.44;211.34,Laccha Paratha;Butter Naan;Tawa Roti,299.20;373.97;305.36
Mar2025,week2,09/03/2025,Paneer Paratha;Vermicelli Upma;Besan Chilla,83.74;82.68;83.24,Palak Paneer;Mix Veg Curry;Chole,352.50;309.10;269.56,Butter Naan;Tawa Roti;Tawa Vegetables,399.04;326.15;332.51
Mar2025,week2,10/03/2025,Medu Vada;Poha;Upma,66.84;64.94;76.30,Lauki Kofta;Dal Tadka;Baingan Bharta,268.40;233.00;205.76,Tawa Roti;Paneer Butter Masala;Jeera Aloo,278.01;295.70;325.83
Mar2025,week2,11/03/2025,Daliya;Uttapam;Sabudana Khichdi,67.44;60.00;62.31,Mix Veg Curry;Masoor Dal;Chana Dal,237.54;219.00;209.28,Tawa Roti;Tandoori Roti;Missi Roti,295.23;271.83;263.15
Mar2025,week2,12/03/2025,Medu Vada;Chole Bhature;Vada Pav,51.99;67.77;80.46,Steamed Rice;Baingan Bharta;Jeera Rice,264.86;246.30;248.42,Gobhi Masala;Butter Naan;Aloo Jeera,310.49;302.81;296.43
Mar2025,week2,13/03/2025,Besan Chilla;Daliya;Methi Paratha,75.61;61.93;73.84,Veg Kofta Curry;Dal Fry;Tomato Rice,259.62;298.69;227.19,Paneer Lababdar;Veg Kolhapuri;Malai Kofta,294.15;319.87;327.63
Mar2025,week2,14/03/2025,Chole Bhature;Chole Puri;Mixed Paratha,72.33;64.08;73.07,Veg Kofta Curry;Bhindi Masala;Moong Dal,253.59;244.87;220.73,Tawa Roti;Malai Kofta;Aloo Methi,343.71;330.38;320.13
Mar2025,week3,15/03/2025,Onion Dosa;Rava Idli;Besan Chilla,68.16;66.62;78.23,Palak Paneer;Matar Paneer;Bhindi Masala,293.95;305.66;228.58,Jeera Aloo;Chana Masala;Dal Makhani,386.45;371.15;361.95
Mar2025,week3,16/03/2025,Puri Bhaji;Besan Chilla;Gobi Paratha,62.13;81.59;92.79,Masoor Dal;Steamed Rice;Kadhi Pakora,350.43;292.95;257.49,Tandoori Roti;Paneer Butter Masala;Garlic Naan,377.06;365.00;307.59
Mar2025,week3,17/03/2025,Pav Bhaji;Sabudana Khichdi;Upma,72.28;62.88;79.43,Rajma;Mix Veg Curry;Lemon Rice,280.65;240.76;188.59,Rumali Roti;Kadai Paneer;Garlic Naan,268.00;305.07;310.23
Mar2025,week3,18/03/2025,Methi Paratha;Bread Pakora;Gobi Paratha,65.84;57.09;74.11,Panchmel Dal;Jeera Rice;Coconut Rice,288.19;192.06;214.25,Chana Masala;Dal Makhani;Tawa Vegetables,248.26;296.48;252.58
Mar2025,week3,19/03/2025,Medu Vada;Aloo Paratha;Masala Dosa,76.46;65.16;77.18,Coconut Rice;Rajma;Veg Kofta Curry,256.21;282.81;233.32,Aloo Methi;Mushroom Masala;Tawa Vegetables,328.02;285.81;302.33
Mar2025,week3,20/03/2025,Plain Dosa;Poha;Medu Vada,72.73;67.14;63.20,Steamed Rice;Masoor Dal;Panchmel Dal,251.64;259.82;185.38,Missi Roti;Malai Kofta;Tawa Roti,300.32;264.83;298.71
Mar2025,week3,21/03/2025,Gujiya;Malpua;Dahi Vada,85.68;92.47;103.74,Special Pulao;Kadhi Pakora;Mix Veg,387.44;394.40;278.42,Puri;Shahi Paneer;Dal Makhani,410.06;345.68;465.27
Mar2025,week4,22/03/2025,Gujiya;Malpua;Dahi Vada,98.23;89.19;112.15,Special Pulao;Kadhi Pakora;Mix Veg,394.77;372.10;316.12,Puri;Shahi Paneer;Dal Makhani,456.75;423.43;495.38
Mar2025,week4,23/03/2025,Gujiya;Malpua;Dahi Vada,105.12;95.47;101.97,Special Pulao;Kadhi Pakora;Mix Veg,321.33;344.67;288.57,Puri;Shahi Paneer;Dal Makhani,428.23;386.74;450.78
Mar2025,week4,24/03/2025,Gujiya;Malpua;Dahi Vada,79.70;88.30;103.85,Special Pulao;Kadhi Pakora;Mix Veg,353.38;323.75;280.02,Puri;Shahi Paneer;Dal Makhani,418.96;400.23;430.38
Mar2025,week4,25/03/2025,Gujiya;Malpua;Dahi Vada,85.40;84.85;103.48,Special Pulao;Kadhi Pakora;Mix Veg,373.01;357.81;291.23,Puri;Shahi Paneer;Dal Makhani,329.50;362.75;400.58
Mar2025,week4,26/03/2025,Gujiya;Malpua;Dahi Vada,85.76;85.74;113.58,Special Pulao;Kadhi Pakora;Mix Veg,367.39;359.78;297.68,Puri;Shahi Paneer;Dal Makhani,311.99;388.21;410.42
Mar2025,week4,27/03/2025,Gujiya;Malpua;Dahi Vada,83.68;87.45;109.25,Special Pulao;Kadhi Pakora;Mix Veg,342.28;318.51;288.04,Puri;Shahi Paneer;Dal Makhani,371.34;414.47;377.30
Mar2025,week4,28/03/2025,Methi Paratha;Aloo Paratha;Plain Dosa,78.47;59.28;79.94,Steamed Rice;Kadhi Pakora;Dal Fry,294.40;232.46;229.16,Bhindi Fry;Mixed Veg Curry;Paneer Lababdar,301.72;317.47;299.23
Mar2025,week5,29/03/2025,Plain Dosa;Upma;Vada Pav,86.10;72.87;87.78,Aloo Matar;Matar Paneer;Mix Veg Curry,303.77;297.43;247.05,Malai Kofta;Garlic Naan;Missi Roti,303.48;339.83;325.98
Mar2025,week5,30/03/2025,Methi Paratha;Puri Bhaji;Besan Chilla,76.46;79.77;86.53,Dal Fry;Aloo Gobi;Toor Dal,303.66;294.20;243.57,Chana Masala;Tawa Roti;Tawa Vegetables,328.07;365.37;334.30
Mar2025,week5,31/03/2025,Sabudana Khichdi;Vada Pav;Aloo Paratha,67.07;64.70;78.72,Coconut Rice;Bhindi Masala;Masoor Dal,241.75;216.96;233.01,Veg Jalfrezi;Mixed Veg Curry;Chana Masala,290.60;323.93;334.53
Apr2025,week1,01/04/2025,Vermicelli Upma;Rava Idli;Gobi Paratha,74.12;59.60;66.48,Palak Paneer;Chana Dal;Coconut Rice,268.96;235.73;223.37,Mixed Veg Curry;Paneer Butter Masala;Bhindi Do Pyaza,318.63;285.58;327.57
Apr2025,week1,02/04/2025,Gobi Paratha;Aloo Paratha;Chole Bhature,66.73;55.23;77.27,Masoor Dal;Lemon Rice;Aloo Gobi,267.44;247.61;198.41,Laccha Paratha;Paneer Lababdar;Veg Jalfrezi,273.27;288.54;286.03
Apr2025,week1,03/04/2025,Rava Dosa;Chole Bhature;Semiya Upma,71.12;59.54;64.58,Chole;Steamed Rice;Aloo Matar,244.69;269.05;228.64,Veg Jalfrezi;Tandoori Roti;Jeera Aloo,348.85;313.51;274.56
Apr2025,week1,04/04/2025,Puri Bhaji;Rava Idli;Plain Dosa,79.20;58.73;73.72,Baingan Bharta;Kadhi Pakora;Bhindi Masala,280.26;308.47;211.48,Butter Naan;Gobi Manchurian;Rumali Roti,285.66;312.40;301.87
Apr2025,week1,05/04/2025,Methi Paratha;Mixed Paratha;Sabudana Khichdi,97.51;62.83;84.95,Curd Rice;Veg Pulao;Dal Makhani,295.38;316.50;224.37,Aloo Methi;Tandoori Roti;Kadai Paneer,328.48;295.54;338.47
Apr2025,week1,06/04/2025,Aloo Paratha;Besan Chilla;Onion Dosa,85.65;71.73;88.73,Lemon Rice;Dal Makhani;Coconut Rice,266.81;315.10;231.73,Tawa Roti;Missi Roti;Veg Kolhapuri,345.10;329.28;278.90
Apr2025,week1,07/04/2025,Gobi Paratha;Pav Bhaji;Rava Idli,73.30;70.94;81.33,Veg Kofta Curry;Steamed Rice;Baingan Bharta,270.62;265.33;233.48,Chana Masala;Veg Kolhapuri;Paneer Butter Masala,317.92;241.00;264.21
Apr2025,week2,08/04/2025,Puri Bhaji;Rava Dosa;Uttapam,82.50;66.90;82.99,Curd Rice;Veg Pulao;Jeera Rice,275.97;235.15;218.98,Mushroom Masala;Missi Roti;Laccha Paratha,280.35;311.72;332.92
Apr2025,week2,09/04/2025,Idli;Sabudana Khichdi;Rava Dosa,72.39;63.90;77.73,Aloo Gobi;Panchmel Dal;Chole,251.05;285.77;192.92,Bhindi Fry;Bhindi Do Pyaza;Tawa Vegetables,263.90;308.82;328.17
Apr2025,week2,10/04/2025,Mixed Paratha;Pav Bhaji;Aloo Paratha,74.12;63.53;68.93,Veg Kofta Curry;Chana Dal;Palak Paneer,245.42;264.70;246.11,Mixed Veg Curry;Gobi Manchurian;Missi Roti,282.42;276.23;311.68
Apr2025,week2,11/04/2025,Vermicelli Upma;Puri Bhaji;Onion Dosa,56.12;63.24;74.97,Shahi Paneer;Steamed Rice;Coconut Rice,270.61;252.62;205.60,Butter Naan;Paneer Butter Masala;Tawa Roti,306.16;314.53;285.03
Apr2025,week2,12/04/2025,Medu Vada;Poha;Methi Paratha,66.46;72.61;94.68,Baingan Bharta;Panchmel Dal;Chole,333.18;268.63;193.15,Garlic Naan;Butter Naan;Laccha Paratha,346.38;341.72;328.01
Apr2025,week2,13/04/2025,Chole Bhature;Semiya Upma;Puri Bhaji,81.67;70.32;77.90,Rajma;Aloo Matar;Dal Tadka,263.38;270.13;248.57,Garlic Naan;Paneer Do Pyaza;Aloo Jeera,334.29;311.98;340.61
Apr2025,week2,14/04/2025,Rava Idli;Chole Bhature;Vermicelli Upma,66.09;62.22;85.18,Curd Rice;Dal Makhani;Coconut Rice,298.30;287.11;189.85,Jeera Aloo;Chana Masala;Tandoori Roti,316.99;276.67;282.39
Apr2025,week3,15/04/2025,Chole Bhature;Poha;Masala Dosa,64.18;56.88;69.87,Lauki Kofta;Chana Dal;Kadhi Pakora,256.67;246.82;208.54,Tandoori Roti;Jeera Aloo;Bhindi Do Pyaza,315.01;319.24;285.91
Apr2025,week3,16/04/2025,Rava Dosa;Mixed Paratha;Daliya,69.44;62.11;68.84,Panchmel Dal;Chana Dal;Chole,272.78;240.04;195.73,Kadai Paneer;Laccha Paratha;Mushroom Masala,295.62;298.37;335.02
Apr2025,week3,17/04/2025,Paneer Paratha;Chole Puri;Uttapam,76.37;61.06;66.36,Veg Pulao;Rajma;Dal Tadka,276.66;251.07;210.23,Paneer Tikka Masala;Kadai Paneer;Garlic Naan,282.28;252.14;260.63
Apr2025,week3,18/04/2025,Onion Dosa;Sabudana Khichdi;Pav Bhaji,67.85;62.75;74.51,Aloo Gobi;Dal Makhani;Dal Fry,254.93;220.29;207.20,Veg Kolhapuri;Mushroom Masala;Bhindi Do Pyaza,301.76;294.45;327.27
Apr2025,week3,19/04/2025,Pav Bhaji;Aloo Paratha;Onion Dosa,79.00;74.42;85.58,Chana Dal;Dal Makhani;Tomato Rice,306.74;323.93;224.58,Gobi Manchurian;Kadai Paneer;Paneer Lababdar,384.51;333.97;371.44
Apr2025,week3,20/04/2025,Paneer Paratha;Bread Pakora;Idli,88.98;75.95;76.02,Lauki Kofta;Curd Rice;Panchmel Dal,339.10;276.84;256.20,Tawa Roti;Tawa Vegetables;Chana Masala,353.49;325.38;359.47
Apr2025,week3,21/04/2025,Sabudana Khichdi;Puri Bhaji;Rava Dosa,69.17;60.62;83.64,Chole;Lemon Rice;Masoor Dal,258.33;284.13;213.60,Kadai Paneer;Veg Jalfrezi;Garlic Naan,296.78;290.46;287.46
Apr2025,week4,22/04/2025,Chole Puri;Sabudana Khichdi;Puri Bhaji,62.23;63.47;73.36,Aloo Matar;Chana Dal;Veg Pulao,255.03;315.49;172.84,Missi Roti;Malai Kofta;Bhindi Do Pyaza,318.24;355.19;323.07
Apr2025,week4,23/04/2025,Pav Bhaji;Medu Vada;Besan Chilla,70.50;63.47;74.38,Shahi Paneer;Matar Paneer;Coconut Rice,279.45;237.71;198.47,Jeera Aloo;Paneer Tikka Masala;Tawa Vegetables,264.16;280.19;340.25
Apr2025,week4,24/04/2025,Masala Dosa;Semiya Upma;Aloo Paratha,65.26;57.17;68.54,Dal Tadka;Steamed Rice;Biryani,242.88;269.14;207.54,Paneer Do Pyaza;Mushroom Masala;Tawa Roti,369.58;308.70;330.41
Apr2025,week4,25/04/2025,Bread Pakora;Paneer Paratha;Puri Bhaji,72.58;56.45;86.62,Mix Veg Curry;Baingan Bharta;Bhindi Masala,267.52;260.96;211.39,Butter Naan;Garlic Naan;Paneer Tikka Masala,277.99;307.87;270.82
Apr2025,week4,26/04/2025,Plain Dosa;Uttapam;Pav Bhaji,79.62;79.51;95.76,Chana Dal;Coconut Rice;Tomato Rice,359.79;326.18;261.21,Laccha Paratha;Bhindi Do Pyaza;Butter Naan,383.58;338.94;357.81
Apr2025,week4,27/04/2025,Gobi Paratha;Rava Idli;Rava Dosa,81.11;78.79;103.55,Moong Dal;Coconut Rice;Chole,316.58;312.19;249.72,Tawa Vegetables;Mushroom Masala;Dal Makhani,348.71;367.80;358.97
Apr2025,week4,28/04/2025,Pav Bhaji;Onion Dosa;Upma,70.75;65.56;79.25,Shahi Paneer;Tomato Rice;Rajma,283.97;306.59;221.70,Veg Jalfrezi;Mixed Veg Curry;Missi Roti,314.06;226.14;346.56
Apr2025,week5,29/04/2025,Idli;Bread Pakora;Mixed Paratha,71.22;50.58;82.12,Matar Paneer;Lemon Rice;Bhindi Masala,263.80;262.44;196.16,Gobhi Masala;Bhindi Fry;Mushroom Masala,290.68;308.69;360.48
Apr2025,week5,30/04/2025,Aloo Paratha;Onion Dosa;Rava Dosa,61.75;66.75;77.00,Baingan Bharta;Dal Tadka;Kadhi Pakora,298.21;256.78;216.09,Veg Jalfrezi;Tawa Roti;Aloo Jeera,356.02;300.33;273.83
May2025,week1,01/05/2025,Masala Dosa;Poha;Besan Chilla,84.21;69.89;81.57,Dal Makhani;Dal Fry;Palak Paneer,278.39;238.83;195.20,Gobi Manchurian;Paneer Tikka Masala;Missi Roti,315.38;289.22;316.50
May2025,week1,02/05/2025,Poha;Mixed Paratha;Gobi Paratha,70.74;60.83;77.30,Chana Dal;Palak Paneer;Aloo Gobi,240.24;256.05;208.59,Tandoori Roti;Veg Jalfrezi;Paneer Tikka Masala,249.38;287.74;345.77
May2025,week1,03/05/2025,Semiya Upma;Vada Pav;Vermicelli Upma,82.45;74.87;91.85,Dal Fry;Chole;Moong Dal,298.56;284.81;232.57,Bhindi Do Pyaza;Kadai Paneer;Garlic Naan,287.93;296.65;321.77
May2025,week1,04/05/2025,Pav Bhaji;Chole Puri;Semiya Upma,76.09;60.28;82.75,Bhindi Masala;Mix Veg Curry;Steamed Rice,336.17;330.41;272.19,Paneer Tikka Masala;Gobhi Masala;Jeera Aloo,348.69;354.13;344.25
May2025,week1,05/05/2025,Mixed Paratha;Idli;Chole Bhature,68.41;51.73;69.84,Veg Pulao;Dal Makhani;Moong Dal,243.12;249.23;238.22,Tawa Vegetables;Paneer Tikka Masala;Veg Jalfrezi,288.37;285.71;284.21
May2025,week1,06/05/2025,Vada Pav;Poha;Paneer Paratha,66.01;65.42;81.54,Moong Dal;Biryani;Kadhi Pakora,296.05;243.69;233.23,Aloo Jeera;Malai Kofta;Paneer Butter Masala,273.51;303.33;258.02
May2025,week1,07/05/2025,Bread Pakora;Besan Chilla;Chole Puri,68.82;65.94;77.57,Masoor Dal;Veg Pulao;Veg Kofta Curry,248.30;218.49;238.85,Veg Jalfrezi;Veg Kolhapuri;Tandoori Roti,307.87;217.67;352.87
May2025,week2,08/05/2025,Vada Pav;Masala Dosa;Poha,78.52;79.46;79.77,Dal Tadka;Biryani;Palak Paneer,276.01;260.10;210.66,Tandoori Roti;Bhindi Do Pyaza;Butter Naan,323.76;282.95;286.27
May2025,week2,09/05/2025,Daliya;Poha;Paneer Paratha,74.79;61.72;73.98,Aloo Matar;Dal Makhani;Chana Dal,268.33;230.69;204.50,Kadai Paneer;Aloo Methi;Tawa Roti,279.04;267.88;280.22
May2025,week2,10/05/2025,Paneer Paratha;Idli;Uttapam,86.99;74.19;72.85,Lemon Rice;Bhindi Masala;Biryani,327.01;264.99;227.45,Mixed Veg Curry;Tandoori Roti;Paneer Do Pyaza,320.75;297.72;381.99
May2025,week2,11/05/2025,Poha;Upma;Plain Dosa,81.46;68.38;92.89,Lemon Rice;Jeera Rice;Veg Kofta Curry,312.57;310.82;246.07,Jeera Aloo;Aloo Jeera;Dal Makhani,369.98;321.03;354.14
May2025,week2,12/05/2025,Vermicelli Upma;Upma;Besan Chilla,75.32;65.12;72.98,Coconut Rice;Biryani;Jeera Rice,264.04;272.93;206.09,Jeera Aloo;Aloo Methi;Veg Jalfrezi,280.91;323.21;311.71
May2025,week2,13/05/2025,Upma;Masala Dosa;Uttapam,67.28;70.22;79.08,Masoor Dal;Shahi Paneer;Lemon Rice,333.27;269.68;226.71,Kadai Paneer;Tawa Vegetables;Veg Kolhapuri,316.56;288.70;295.95
May2025,week2,14/05/2025,Chole Puri;Bread Pakora;Daliya,76.82;67.43;76.33,Toor Dal;Chole;Biryani,304.09;233.65;170.00,Mushroom Masala;Bhindi Do Pyaza;Veg Kolhapuri,322.81;302.33;286.26
May2025,week3,15/05/2025,Besan Chilla;Chole Puri;Semiya Upma,61.17;76.60;72.76,Tomato Rice;Masoor Dal;Veg Kofta Curry,284.10;263.47;206.59,Veg Jalfrezi;Kadai Paneer;Mixed Veg Curry,324.58;268.91;285.62
May2025,week3,16/05/2025,Plain Dosa;Medu Vada;Semiya Upma,71.87;63.33;66.56,Palak Paneer;Lauki Kofta;Mix Veg Curry,265.29;246.11;241.63,Jeera Aloo;Bhindi Do Pyaza;Paneer Lababdar,321.15;316.60;296.64
May2025,week3,17/05/2025,Idli;Poha;Methi Paratha,75.49;76.75;93.22,Dal Makhani;Masoor Dal;Curd Rice,289.84;321.34;256.99,Paneer Butter Masala;Mushroom Masala;Rumali Roti,320.57;300.53;375.90
May2025,week3,18/05/2025,Gobi Paratha;Rava Idli;Vermicelli Upma,88.05;79.65;86.64,Veg Pulao;Mix Veg Curry;Toor Dal,298.39;289.90;260.37,Aloo Jeera;Paneer Tikka Masala;Jeera Aloo,358.17;397.53;325.55
May2025,week3,19/05/2025,Bread Pakora;Semiya Upma;Pav Bhaji,79.73;75.96;81.44,Dal Fry;Bhindi Masala;Panchmel Dal,279.33;239.36;207.22,Dal Makhani;Jeera Aloo;Chana Masala,283.95;314.40;285.32
May2025,week3,20/05/2025,Poha;Uttapam;Samosa,68.82;64.75;76.39,Coconut Rice;Mix Veg Curry;Dal Fry,291.49;275.53;207.93,Butter Naan;Paneer Butter Masala;Bhindi Fry,342.43;265.23;286.70
May2025,week3,21/05/2025,Methi Paratha;Puri Bhaji;Idli,77.23;63.33;74.67,Dal Tadka;Palak Paneer;Steamed Rice,267.56;221.33;201.50,Veg Kolhapuri;Aloo Methi;Paneer Butter Masala,301.55;297.46;259.24
May2025,week4,22/05/2025,Onion Dosa;Paneer Paratha;Vermicelli Upma,66.42;56.77;67.01,Chana Dal;Chole;Panchmel Dal,265.20;228.15;235.67,Aloo Methi;Paneer Butter Masala;Paneer Tikka Masala,333.38;312.60;305.33
May2025,week4,23/05/2025,Pav Bhaji;Methi Paratha;Chole Bhature,67.96;64.92;87.23,Baingan Bharta;Steamed Rice;Veg Kofta Curry,290.35;268.22;226.82,Bhindi Fry;Missi Roti;Kadai Paneer,287.72;304.51;292.43
May2025,week4,24/05/2025,Vada Pav;Aloo Paratha;Uttapam,74.74;67.05;100.98,Panchmel Dal;Lemon Rice;Dal Makhani,319.34;255.83;222.08,Laccha Paratha;Bhindi Fry;Paneer Tikka Masala,338.81;351.44;295.28
May2025,week4,25/05/2025,Gobi Paratha;Besan Chilla;Vermicelli Upma,84.80;78.46;81.10,Matar Paneer;Lauki Kofta;Curd Rice,337.18;265.67;227.42,Kadai Paneer;Jeera Aloo;Paneer Tikka Masala,377.13;297.82;359.37
May2025,week4,26/05/2025,Chole Bhature;Pav Bhaji;Rava Idli,72.06;67.24;71.13,Baingan Bharta;Bhindi Masala;Chole,326.25;259.72;237.47,Aloo Methi;Tawa Roti;Garlic Naan,282.53;311.83;343.20
May2025,week4,27/05/2025,Onion Dosa;Upma;Methi Paratha,66.14;64.14;54.08,Mix Veg Curry;Shahi Paneer;Biryani,278.62;234.96;187.58,Gobhi Masala;Bhindi Do Pyaza;Butter Naan,317.01;288.85;321.48
May2025,week4,28/05/2025,Pav Bhaji;Rava Dosa;Gobi Paratha,75.23;70.50;82.62,Chana Dal;Kadhi Pakora;Panchmel Dal,251.15;293.06;207.99,Rumali Roti;Laccha Paratha;Gobhi Masala,287.11;269.21;293.40
May2025,week5,29/05/2025,Daliya;Aloo Paratha;Semiya Upma,84.07;61.19;58.47,Lauki Kofta;Bhindi Masala;Rajma,280.38;247.26;213.82,Paneer Butter Masala;Tawa Roti;Chana Masala,325.08;300.47;323.82
May2025,week5,30/05/2025,Uttapam;Chole Puri;Aloo Paratha,74.93;55.16;77.69,Matar Paneer;Veg Kofta Curry;Tomato Rice,266.32;263.70;210.41,Butter Naan;Paneer Lababdar;Dal Makhani,300.25;289.16;323.95
May2025,week5,31/05/2025,Methi Paratha;Medu Vada;Uttapam,86.30;63.17;69.97,Dal Tadka;Chole;Masoor Dal,258.53;291.92;248.39,Malai Kofta;Tandoori Roti;Mixed Veg Curry,326.15;334.47;331.47
Jun2025,week1,01/06/2025,Gobi Paratha;Onion Dosa;Rava Idli,80.34;64.86;79.29,Rajma;Dal Fry;Veg Pulao,296.11;302.11;241.09,Chana Masala;Jeera Aloo;Mixed Veg Curry,337.90;359.97;321.33
Jun2025,week1,02/06/2025,Rava Idli;Poha;Bread Pakora,73.16;49.08;71.76,Dal Makhani;Coconut Rice;Baingan Bharta,263.70;266.26;227.09,Chana Masala;Mixed Veg Curry;Malai Kofta,277.98;287.29;255.00
Jun2025,week1,03/06/2025,Daliya;Besan Chilla;Sabudana Khichdi,67.20;70.67;89.64,Curd Rice;Bhindi Masala;Rajma,244.18;225.29;184.00,Tawa Roti;Mixed Veg Curry;Veg Kolhapuri,321.41;344.22;338.16
Jun2025,week1,04/06/2025,Medu Vada;Gobi Paratha;Sabudana Khichdi,78.24;66.42;71.20,Curd Rice;Steamed Rice;Lauki Kofta,268.74;269.90;224.32,Bhindi Fry;Chana Masala;Mixed Veg Curry,283.64;257.53;263.08
Jun2025,week1,05/06/2025,Onion Dosa;Chole Puri;Rava Idli,63.90;70.44;90.58,Dal Makhani;Matar Paneer;Masoor Dal,267.15;292.38;209.13,Chana Masala;Paneer Lababdar;Paneer Tikka Masala,287.38;308.91;339.31
Jun2025,week1,06/06/2025,Mixed Paratha;Rava Dosa;Paneer Paratha,75.57;47.77;73.62,Chana Dal;Steamed Rice;Lauki Kofta,203.08;262.70;202.04,Tawa Roti;Butter Naan;Aloo Methi,229.67;343.61;311.96
Jun2025,week1,07/06/2025,Puri Bhaji;Methi Paratha;Paneer Paratha,77.41;77.64;83.58,Tomato Rice;Steamed Rice;Lemon Rice,388.28;279.18;252.49,Paneer Do Pyaza;Garlic Naan;Missi Roti,294.56;336.32;386.74
Jun2025,week2,08/06/2025,Vada Pav;Vermicelli Upma;Semiya Upma,76.73;73.85;89.43,Moong Dal;Bhindi Masala;Dal Tadka,300.70;261.34;227.58,Veg Jalfrezi;Kadai Paneer;Bhindi Do Pyaza,357.42;318.80;387.22
Jun2025,week2,09/06/2025,Upma;Plain Dosa;Bread Pakora,74.06;68.27;87.17,Veg Kofta Curry;Tomato Rice;Chana Dal,301.43;269.99;210.52,Bhindi Fry;Veg Jalfrezi;Chana Masala,291.42;227.99;265.56
Jun2025,week2,10/06/2025,Chole Puri;Paneer Paratha;Bread Pakora,67.27;56.59;66.85,Kadhi Pakora;Aloo Gobi;Coconut Rice,291.09;244.51;175.22,Chana Masala;Paneer Tikka Masala;Mixed Veg Curry,329.82;285.75;287.16
Jun2025,week2,11/06/2025,Mixed Paratha;Rava Dosa;Idli,66.57;77.74;80.92,Kadhi Pakora;Aloo Matar;Dal Fry,294.62;255.91;226.75,Dal Makhani;Bhindi Do Pyaza;Aloo Jeera,341.80;282.51;317.09
Jun2025,week2,12/06/2025,Plain Dosa;Mixed Paratha;Puri Bhaji,66.30;57.25;63.08,Dal Makhani;Kadhi Pakora;Chana Dal,266.13;279.82;193.43,Garlic Naan;Aloo Jeera;Paneer Do Pyaza,310.47;273.91;303.80
Jun2025,week2,13/06/2025,Sabudana Khichdi;Vermicelli Upma;Onion Dosa,67.53;67.39;86.99,Dal Tadka;Toor Dal;Steamed Rice,230.66;268.22;242.18,Bhindi Fry;Tawa Vegetables;Tawa Roti,315.81;310.01;297.90
Jun2025,week2,14/06/2025,Aloo Paratha;Upma;Masala Dosa,86.99;71.14;92.57,Coconut Rice;Chole;Dal Fry,271.28;304.31;259.87,Paneer Butter Masala;Missi Roti;Mushroom Masala,333.00;343.64;324.17
Jun2025,week3,15/06/2025,Poha;Bread Pakora;Rava Dosa,76.41;71.64;77.36,Baingan Bharta;Rajma;Panchmel Dal,349.06;262.02;267.56,Chana Masala;Tawa Vegetables;Paneer Do Pyaza,330.33;358.53;335.36
Jun2025,week3,16/06/2025,Vada Pav;Mixed Paratha;Aloo Paratha,72.63;63.64;75.86,Coconut Rice;Tomato Rice;Veg Kofta Curry,264.65;293.42;200.46,Rumali Roti;Paneer Do Pyaza;Gobi Manchurian,346.32;288.25;280.70
Jun2025,week3,17/06/2025,Rava Dosa;Gobi Paratha;Idli,80.06;64.36;81.02,Chana Dal;Baingan Bharta;Biryani,261.40;301.87;214.69,Kadai Paneer;Veg Jalfrezi;Paneer Butter Masala,330.39;318.91;274.51
Jun2025,week3,18/06/2025,Paneer Paratha;Daliya;Idli,76.66;69.35;77.80,Veg Pulao;Aloo Matar;Toor Dal,257.63;268.56;220.15,Aloo Methi;Paneer Butter Masala;Mushroom Masala,294.74;296.05;303.90
Jun2025,week3,19/06/2025,Methi Paratha;Masala Dosa;Paneer Paratha,67.59;71.20;81.91,Shahi Paneer;Aloo Matar;Toor Dal,284.62;228.98;224.01,Bhindi Fry;Gobi Manchurian;Butter Naan,311.34;223.99;318.48
Jun2025,week3,20/06/2025,Masala Dosa;Paneer Paratha;Chole Puri,64.98;68.48;68.23,Jeera Rice;Dal Fry;Lemon Rice,261.84;281.58;232.37,Malai Kofta;Aloo Methi;Veg Kolhapuri,298.88;306.20;305.06
Jun2025,week3,21/06/2025,Daliya;Puri Bhaji;Masala Dosa,88.01;64.75;89.06,Palak Paneer;Coconut Rice;Aloo Matar,343.19;238.90;275.62,Bhindi Do Pyaza;Mushroom Masala;Garlic Naan,344.85;353.77;324.41
Jun2025,week4,22/06/2025,Paneer Paratha;Besan Chilla;Masala Dosa,72.47;81.40;74.42,Veg Pulao;Chole;Tomato Rice,349.30;340.10;245.21,Laccha Paratha;Aloo Jeera;Tandoori Roti,320.10;346.36;342.51
Jun2025,week4,23/06/2025,Upma;Uttapam;Semiya Upma,67.07;67.20;78.28,Dal Makhani;Jeera Rice;Tomato Rice,232.00;251.05;218.70,Malai Kofta;Butter Naan;Jeera Aloo,330.15;308.85;304.47
Jun2025,week4,24/06/2025,Chole Puri;Samosa;Vermicelli Upma,63.89;64.99;69.68,Veg Kofta Curry;Shahi Paneer;Kadhi Pakora,229.57;277.71;210.39,Aloo Methi;Gobhi Masala;Butter Naan,311.52;262.21;317.44
Jun2025,week4,25/06/2025,Medu Vada;Semiya Upma;Masala Dosa,72.79;71.85;69.30,Lauki Kofta;Matar Paneer;Bhindi Masala,238.66;227.37;219.94,Mixed Veg Curry;Missi Roti;Gobi Manchurian,315.99;236.39;273.57
Jun2025,week4,26/06/2025,Sabudana Khichdi;Paneer Paratha;Rava Dosa,65.49;60.52;77.74,Baingan Bharta;Veg Kofta Curry;Dal Fry,287.72;252.49;191.37,Bhindi Fry;Veg Kolhapuri;Paneer Butter Masala,304.20;319.43;321.07
Jun2025,week4,27/06/2025,Rava Idli;Methi Paratha;Semiya Upma,57.55;59.97;81.59,Chole;Palak Paneer;Moong Dal,265.75;262.03;225.73,Rumali Roti;Laccha Paratha;Aloo Methi,294.59;283.37;322.28
Jun2025,week4,28/06/2025,Bread Pakora;Chole Puri;Poha,85.50;84.52;79.16,Aloo Matar;Dal Fry;Mix Veg Curry,282.46;280.84;247.61,Bhindi Do Pyaza;Bhindi Fry;Jeera Aloo,398.54;337.41;379.64
Jun2025,week5,29/06/2025,Vada Pav;Rava Idli;Uttapam,76.04;80.21;84.88,Palak Paneer;Dal Tadka;Chole,331.71;307.82;223.41,Tawa Roti;Veg Kolhapuri;Paneer Butter Masala,370.88;369.16;355.11
Jun2025,week5,30/06/2025,Masala Dosa;Sabudana Khichdi;Medu Vada,74.31;67.93;79.68,Toor Dal;Shahi Paneer;Masoor Dal,234.48;264.90;194.68,Chana Masala;Bhindi Fry;Rumali Roti,289.53;323.34;283.98
Jul2025,week1,01/07/2025,Gobi Paratha;Sabudana Khichdi;Puri Bhaji,72.23;74.95;74.98,Matar Paneer;Kadhi Pakora;Dal Makhani,298.65;306.49;203.54,Paneer Butter Masala;Mushroom Masala;Garlic Naan,315.12;286.94;261.85
Jul2025,week1,02/07/2025,Upma;Plain Dosa;Mixed Paratha,59.72;58.61;72.71,Coconut Rice;Aloo Gobi;Steamed Rice,260.24;271.92;223.78,Gobhi Masala;Missi Roti;Chana Masala,300.13;256.41;313.29
Jul2025,week1,03/07/2025,Plain Dosa;Chole Bhature;Pav Bhaji,79.80;56.83;68.60,Bhindi Masala;Jeera Rice;Panchmel Dal,262.18;265.08;207.18,Gobhi Masala;Paneer Butter Masala;Kadai Paneer,309.80;258.14;306.47
Jul2025,week1,04/07/2025,Daliya;Upma;Plain Dosa,70.31;71.40;76.61,Biryani;Jeera Rice;Shahi Paneer,258.01;285.44;181.83,Rumali Roti;Bhindi Do Pyaza;Malai Kofta,296.28;337.84;280.03
Jul2025,week1,05/07/2025,Paneer Paratha;Masala Dosa;Vada Pav,78.11;82.21;71.83,Dal Fry;Kadhi Pakora;Steamed Rice,305.19;316.80;236.68,Tandoori Roti;Bhindi Do Pyaza;Mushroom Masala,337.97;308.20;367.08
Jul2025,week1,06/07/2025,Chole Puri;Poha;Sabudana Khichdi,71.30;82.12;92.46,Panchmel Dal;Dal Fry;Palak Paneer,293.38;289.11;244.85,Rumali Roti;Garlic Naan;Mixed Veg Curry,314.82;369.69;390.18
Jul2025,week1,07/07/2025,Uttapam;Vermicelli Upma;Onion Dosa,67.44;70.10;79.53,Panchmel Dal;Matar Paneer;Masoor Dal,274.72;223.46;209.46,Paneer Lababdar;Paneer Do Pyaza;Aloo Methi,299.67;296.11;330.19
Jul2025,week2,08/07/2025,Onion Dosa;Mixed Paratha;Samosa,63.31;67.40;76.29,Bhindi Masala;Toor Dal;Chana Dal,273.87;249.59;177.14,Paneer Lababdar;Bhindi Do Pyaza;Laccha Paratha,263.06;279.04;284.04
Jul2025,week2,09/07/2025,Besan Chilla;Mixed Paratha;Aloo Paratha,82.17;64.88;77.16,Lemon Rice;Shahi Paneer;Aloo Matar,255.13;251.44;171.36,Laccha Paratha;Bhindi Do Pyaza;Missi Roti,316.60;287.70;329.67
Jul2025,week2,10/07/2025,Puri Bhaji;Plain Dosa;Gobi Paratha,81.33;64.12;73.44,Curd Rice;Kadhi Pakora;Moong Dal,287.01;257.67;235.85,Butter Naan;Veg Jalfrezi;Bhindi Do Pyaza,320.72;325.86;285.16
Jul2025,week2,11/07/2025,Plain Dosa;Daliya;Bread Pakora,79.91;64.58;78.95,Dal Tadka;Lauki Kofta;Biryani,285.50;262.20;249.37,Rumali Roti;Chana Masala;Tawa Vegetables,269.48;293.07;291.60
Jul2025,week2,12/07/2025,Chole Bhature;Samosa;Bread Pakora,83.44;75.18;79.95,Lemon Rice;Chole;Jeera Rice,288.55;356.09;255.57,Gobi Manchurian;Tawa Vegetables;Jeera Aloo,315.38;329.12;354.14
Jul2025,week2,13/07/2025,Samosa;Pav Bhaji;Vermicelli Upma,74.17;85.26;82.69,Moong Dal;Shahi Paneer;Jeera Rice,279.62;318.59;211.06,Gobhi Masala;Tawa Roti;Bhindi Do Pyaza,299.73;316.78;331.16
Jul2025,week2,14/07/2025,Samosa;Uttapam;Rava Dosa,72.98;59.83;81.95,Lemon Rice;Baingan Bharta;Aloo Gobi,239.61;252.30;215.60,Tandoori Roti;Mushroom Masala;Rumali Roti,297.17;297.94;306.13
Jul2025,week3,15/07/2025,Rava Idli;Puri Bhaji;Bread Pakora,68.70;64.67;85.34,Aloo Gobi;Palak Paneer;Veg Kofta Curry,281.87;284.37;208.41,Veg Kolhapuri;Tawa Vegetables;Garlic Naan,307.45;266.85;293.14
Jul2025,week3,16/07/2025,Vada Pav;Samosa;Chole Puri,71.91;57.61;73.08,Matar Paneer;Rajma;Chana Dal,250.12;256.40;227.43,Mushroom Masala;Kadai Paneer;Tandoori Roti,326.51;230.49;272.17
Jul2025,week3,17/07/2025,Paneer Paratha;Onion Dosa;Samosa,67.78;74.43;73.69,Veg Pulao;Baingan Bharta;Coconut Rice,252.15;275.69;229.92,Paneer Butter Masala;Aloo Jeera;Veg Jalfrezi,273.13;299.73;302.70
Jul2025,week3,18/07/2025,Paneer Paratha;Uttapam;Sabudana Khichdi,73.31;69.26;73.40,Baingan Bharta;Toor Dal;Lauki Kofta,299.98;246.24;213.67,Chana Masala;Veg Jalfrezi;Paneer Do Pyaza,279.88;275.99;315.47
Jul2025,week3,19/07/2025,Rava Dosa;Aloo Paratha;Paneer Paratha,88.03;68.82;85.48,Steamed Rice;Toor Dal;Matar Paneer,318.24;273.42;254.17,Garlic Naan;Veg Kolhapuri;Butter Naan,309.59;341.91;325.54
Jul2025,week3,20/07/2025,Upma;Bread Pakora;Paneer Paratha,84.85;82.27;77.91,Baingan Bharta;Toor Dal;Kadhi Pakora,293.17;323.08;242.78,Gobhi Masala;Aloo Methi;Jeera Aloo,348.46;312.91;329.27
Jul2025,week3,21/07/2025,Onion Dosa;Upma;Daliya,65.99;56.68;73.94,Panchmel Dal;Aloo Matar;Steamed Rice,248.17;265.35;212.88,Bhindi Do Pyaza;Chana Masala;Tawa Vegetables,277.40;259.29;336.35
Jul2025,week4,22/07/2025,Rava Dosa;Semiya Upma;Pav Bhaji,73.65;74.59;74.77,Chana Dal;Matar Paneer;Toor Dal,257.38;263.99;195.05,Aloo Methi;Dal Makhani;Paneer Tikka Masala,279.63;303.43;271.72
Jul2025,week4,23/07/2025,Daliya;Onion Dosa;Chole Puri,65.37;68.50;79.48,Shahi Paneer;Coconut Rice;Veg Kofta Curry,264.57;266.39;189.88,Aloo Methi;Mixed Veg Curry;Dal Makhani,359.07;302.66;303.59
Jul2025,week4,24/07/2025,Rava Idli;Masala Dosa;Medu Vada,78.65;61.18;65.45,Tomato Rice;Dal Tadka;Mix Veg Curry,231.61;294.03;183.31,Paneer Tikka Masala;Mixed Veg Curry;Gobi Manchurian,354.54;268.31;289.17
Jul2025,week4,25/07/2025,Uttapam;Puri Bhaji;Plain Dosa,69.76;66.77;83.17,Moong Dal;Matar Paneer;Masoor Dal,296.58;270.69;212.57,Aloo Jeera;Aloo Methi;Gobhi Masala,271.88;299.80;314.12
Jul2025,week4,26/07/2025,Pav Bhaji;Aloo Paratha;Rava Idli,82.40;81.03;95.99,Toor Dal;Tomato Rice;Steamed Rice,284.93;305.06;242.29,Aloo Methi;Laccha Paratha;Mixed Veg Curry,360.82;307.22;307.39
Jul2025,week4,27/07/2025,Bread Pakora;Paneer Paratha;Medu Vada,86.52;76.00;71.80,Toor Dal;Biryani;Aloo Gobi,318.43;252.94;216.60,Mushroom Masala;Bhindi Do Pyaza;Laccha Paratha,358.71;332.42;345.92
Jul2025,week4,28/07/2025,Daliya;Pav Bhaji;Paneer Paratha,61.23;68.63;74.47,Jeera Rice;Shahi Paneer;Panchmel Dal,238.75;266.48;196.84,Tandoori Roti;Veg Kolhapuri;Dal Makhani,291.45;282.02;312.54
Jul2025,week5,29/07/2025,Daliya;Chole Puri;Vada Pav,72.67;67.45;75.90,Dal Tadka;Baingan Bharta;Biryani,277.07;328.74;206.59,Tawa Vegetables;Dal Makhani;Tawa Roti,275.40;317.09;280.03
Jul2025,week5,30/07/2025,Pav Bhaji;Rava Idli;Gobi Paratha,69.12;67.39;73.29,Dal Makhani;Jeera Rice;Biryani,243.32;281.70;186.89,Tawa Roti;Missi Roti;Tawa Vegetables,294.68;262.49;308.62
Jul2025,week5,31/07/2025,Semiya Upma;Chole Bhature;Poha,78.22;53.75;76.94,Veg Kofta Curry;Mix Veg Curry;Chole,253.65;272.85;227.73,Tandoori Roti;Missi Roti;Tawa Roti,306.02;285.69;291.39
Aug2025,week1,01/08/2025,Upma;Plain Dosa;Aloo Paratha,64.45;63.03;74.82,Chana Dal;Aloo Matar;Shahi Paneer,269.81;254.35;174.09,Gobi Manchurian;Veg Jalfrezi;Rumali Roti,327.85;256.49;285.93
Aug2025,week1,02/08/2025,Mixed Paratha;Besan Chilla;Semiya Upma,78.06;74.75;95.03,Mix Veg Curry;Moong Dal;Toor Dal,292.39;312.71;247.40,Garlic Naan;Kadai Paneer;Bhindi Do Pyaza,335.09;347.29;358.47
Aug2025,week1,03/08/2025,Chole Puri;Paneer Paratha;Semiya Upma,78.05;75.12;84.71,Masoor Dal;Toor Dal;Rajma,337.78;306.44;248.80,Aloo Jeera;Tandoori Roti;Kadai Paneer,301.99;274.06;326.61
Aug2025,week1,04/08/2025,Upma;Gobi Paratha;Sabudana Khichdi,66.01;60.66;80.85,Chole;Steamed Rice;Shahi Paneer,278.29;283.41;171.43,Bhindi Do Pyaza;Paneer Lababdar;Paneer Do Pyaza,289.67;270.05;314.47
Aug2025,week1,05/08/2025,Idli;Plain Dosa;Sabudana Khichdi,84.89;67.84;72.67,Matar Paneer;Masoor Dal;Moong Dal,244.12;294.27;167.46,Tawa Roti;Jeera Aloo;Chana Masala,269.99;268.16;264.49
Aug2025,week1,06/08/2025,Bread Pakora;Rava Idli;Mixed Paratha,68.79;67.90;78.47,Palak Paneer;Baingan Bharta;Toor Dal,314.91;249.59;208.44,Malai Kofta;Butter Naan;Paneer Tikka Masala,307.75;290.95;329.50
Aug2025,week1,07/08/2025,Gobi Paratha;Aloo Paratha;Daliya,70.86;62.78;78.94,Steamed Rice;Toor Dal;Shahi Paneer,269.84;247.65;232.76,Aloo Jeera;Laccha Paratha;Mushroom Masala,299.26;263.52;292.96
Aug2025,week2,08/08/2025,Besan Chilla;Pav Bhaji;Idli,70.18;72.90;80.07,Biryani;Toor Dal;Masoor Dal,306.27;283.56;215.01,Gobi Manchurian;Aloo Jeera;Paneer Lababdar,305.80;312.94;359.93
Aug2025,week2,09/08/2025,Masala Dosa;Chole Puri;Rava Idli,84.45;78.00;80.25,Aloo Gobi;Dal Makhani;Panchmel Dal,384.20;288.75;229.30,Aloo Methi;Malai Kofta;Veg Jalfrezi,365.34;337.61;345.70
Aug2025,week2,10/08/2025,Medu Vada;Vermicelli Upma;Masala Dosa,71.61;72.38;98.99,Kadhi Pakora;Moong Dal;Baingan Bharta,292.37;284.49;236.55,Gobi Manchurian;Paneer Lababdar;Dal Makhani,293.98;350.04;351.31
Aug2025,week2,11/08/2025,Vermicelli Upma;Besan Chilla;Mixed Paratha,76.82;61.39;76.34,Chole;Lemon Rice;Panchmel Dal,244.28;292.69;237.80,Paneer Butter Masala;Mixed Veg Curry;Bhindi Fry,292.64;275.57;275.26
Aug2025,week2,12/08/2025,Uttapam;Rava Dosa;Bread Pakora,68.08;62.08;80.51,Biryani;Baingan Bharta;Veg Kofta Curry,243.84;291.38;204.37,Mushroom Masala;Kadai Paneer;Paneer Lababdar,320.60;293.19;296.60
Aug2025,week2,13/08/2025,Rava Idli;Onion Dosa;Plain Dosa,77.64;60.89;75.91,Lauki Kofta;Dal Fry;Mix Veg Curry,266.06;284.78;204.42,Mixed Veg Curry;Veg Kolhapuri;Rumali Roti,326.99;306.46;245.39
Aug2025,week2,14/08/2025,Mixed Paratha;Daliya;Rava Idli,71.83;63.66;79.78,Lauki Kofta;Dal Makhani;Lemon Rice,273.44;255.95;187.42,Bhindi Fry;Butter Naan;Veg Kolhapuri,232.41;274.92;325.06
Aug2025,week3,15/08/2025,Sabudana Khichdi;Puri Bhaji;Bread Pakora,100.05;75.07;84.05,Jeera Rice;Chana Dal;Dal Makhani,370.65;277.85;284.98,Laccha Paratha;Chana Masala;Butter Naan,441.82;331.60;390.66
Aug2025,week3,16/08/2025,Plain Dosa;Paneer Paratha;Upma,92.02;83.53;81.23,Rajma;Dal Makhani;Aloo Matar,309.85;367.08;205.31,Paneer Lababdar;Laccha Paratha;Aloo Methi,333.40;336.85;343.35
Aug2025,week3,17/08/2025,Poha;Puri Bhaji;Paneer Paratha,79.47;81.76;81.08,Coconut Rice;Palak Paneer;Rajma,300.10;289.32;217.19,Gobhi Masala;Paneer Do Pyaza;Garlic Naan,328.98;301.32;355.72
Aug2025,week3,18/08/2025,Daliya;Mixed Paratha;Plain Dosa,67.29;65.37;65.60,Matar Paneer;Steamed Rice;Veg Pulao,281.12;261.15;219.70,Gobi Manchurian;Paneer Tikka Masala;Bhindi Fry,307.80;336.84;283.06
Aug2025,week3,19/08/2025,Poha;Gobi Paratha;Mixed Paratha,66.85;78.83;75.58,Toor Dal;Chole;Veg Pulao,274.31;253.11;230.79,Gobhi Masala;Bhindi Do Pyaza;Garlic Naan,270.64;296.67;273.57
Aug2025,week3,20/08/2025,Chole Bhature;Bread Pakora;Gobi Paratha,64.14;61.31;77.48,Bhindi Masala;Kadhi Pakora;Aloo Gobi,298.93;255.12;214.45,Paneer Tikka Masala;Paneer Butter Masala;Veg Jalfrezi,315.42;287.67;342.30
